id,eps,family,unit,state,sync,stages,alphabet,reorder,spread,origin,chrono,basis,verdict,neg_logic,neg_rarer,manual,note
A01,EP-0109,位置ごとに手で作った任意の表,文字,位置,厳密,表(位置ごと),任意両側,なし,なし,Sanborn,あり,容量,不,—,—,高,R9。表かK5が要る
A02,EP-0093;0100;0102;0120,Latin型の手製の表＋短い行選び,文字,位置,厳密,表(Latin),任意両側,なし,なし,Sanborn,あり,両crib|容量,閉|不,y,n,中,表を問わない検定は弱い（最大6〜7文字）
A03,EP-0098,行＝鍵語alphabet,文字,位置,厳密,行選び→表,鍵語,なし,なし,Sanborn,あり,両crib,閉,y,n,中,"0/386,048"
A04,EP-0114,行＝matrixで混ぜたalphabet,文字,位置,厳密,行選び→表,鍵語,なし,なし,Sanborn,あり,両crib,閉,y,n,中,0/1.9億
A05,EP-0114,行＝ほかの文章の語のalphabet,文字,位置,厳密|e5,行選び→表,鍵語,なし,なし,Sanborn,あり,両crib,閉,y,n,中,短い集合は誤り5文字まで
A06,EP-0089;0099,行＝彫られた文字列,文字,位置,厳密,行選び→表,鍵語,なし,なし,なし,計画値,両crib,閉,y,n,中,暗号面の行は計画値（31列の表）
A07,EP-0114,行＝K3の転置の格子,文字,位置,厳密,行選び→表,鍵語,なし,なし,なし,あり,両crib|統計,閉|除,y,y,中,順向きはR1（IC）
A08,EP-0062;0074;0075;0099,円盤・帯（M-94、M-138-A）,文字,外の状態,厳密,装置の行（σ・τつきを含む）,鍵語,なし,なし,なし,あり,両crib,閉|除,y,n,中,M-138-A＋σは未（事前確率低）
K3dev,EP-0042;0057;0062;0064,固定点のない装置（反射板Enigma・M-138-A・HC-9、σなし）,文字,外の状態,厳密|e1|1回のずれ|cribごと|2回以上,装置,任意片側,なし,なし,なし,あり,両crib,除,y,n,高,R4。各cribに自己暗号化が1つずつあるので、ずれ・切り替えによらない
A09a,EP-0043;0083;0121,ロータ1枚（自由配線）＋入口出口・位置の鍵・odometer（動く2枚が274の中）,文字,外の状態,厳密|e5,ロータ,任意片側,なし,なし,なし,あり,両crib,閉,y,n,高,EP-0123 d_min 7
A09b,EP-0121;I04,ロータ：動く配線が274の外、自由配線2枚以上、SIGABA・KL-7,文字,外の状態,厳密,ロータの合成,任意両側,なし,なし,なし,あり,容量,不,—,—,高,
A10,EP-0083,1つの置換の累乗,文字,位置,厳密,q^(a·i+b),任意片側,なし,なし,なし,あり,両crib,閉,y,n,中,
A11,EP-0070;0071,tableauを数か所いじった表,文字,位置,厳密|e5,ほぼずらし,KA,なし,なし,Sanborn,あり,両crib|容量,閉|不,y,n,低,長い鍵は不
A12,EP-0117,欠陥込みのtableau,文字,位置,厳密,ほぼずらし,KA,なし,なし,施工,計画値,両crib,閉,y,n,低,
A13,EP-0117;0119,乗数の変わるアフィン,文字,位置|暗号文履歴,厳密|e7,アフィン,鍵語,なし,なし,なし,あり,両crib,閉,y,n,中,u_iを文章から取る形は未
A14,EP-0113,Vigenère型とBeaufort型の切り替え,文字,位置,厳密,±P+k,AZ|KA,なし,なし,なし,あり,両crib|容量,閉|不,y,n,低,一般の走り鍵は不（R9）
A15,EP-0115,5×5格子の2次元ずらし,文字,位置,厳密|cribごと,格子の平行移動,任意片側,なし,なし,なし,あり,両crib|容量,閉|不,y,n,中,区間ごとの鍵を含む
A16,EP-0112;0123,位置ごとの同音,文字,位置,厳密,多対1,任意両側,なし,なし,Sanborn,あり,容量,不,—,—,高,固定の同音はR3で除
A17,EP-0112,出現回数で行を変える,文字,平文履歴,厳密,行＝n回目 [H],任意片側,なし,局所,なし,あり,両crib,除,y,n,中,
A18,EP-0096,Chaocipher（ヒントの鍵語で開始）,文字,平文履歴|暗号文履歴|外の状態,厳密,状態つき置換 [H],鍵語,なし,後ろ全部,なし,あり,両crib|容量,閉|不,y,n,高,任意の開始alphabetは不。初期状態が自由でない族（起点が効く）
A19,EP-0097;0102,暗号面を歩く・帰還で行を選ぶ,文字,暗号文履歴,厳密,履歴 [H],KA,なし,局所,なし,計画値,両crib,閉,y,n,中,
A20,EP-0089;0102,字形の変換,文字,なし|位置,厳密,字形,—,なし,なし,なし,あり,両crib,閉|除,y,n,中,
A21,EP-0101,固定の区分けを保つ方式,文字,位置,厳密,区分けを保つ置換,任意片側,なし,なし,なし,あり,crib1,除,y,n,中,位置21・22で落ちる
A22,EP-0097;0103,2・3・10進の桁ごとの演算,文字,位置,厳密,桁ごとの加算,AZ|KA,なし,なし,なし,あり,両crib,閉,y,n,中,
A23,EP-0111,全文を1つの数として足す（桁上がり）,全文,平文履歴,—,整数の加算 [H],AZ,なし,後ろ全部,なし,あり,—,未,—,—,高,K1〜K3変種。利用者が求めたとき
B01,EP-0018;0019;0027;0051,全文の転置（＋換字）,全文,なし|位置,厳密,転置[P]→換字,AZ|KA|鍵語,全文転置,なし,なし,あり,統計|制約,除,y,y,中,R1・R2（R2はK5の読みに依る）
B02,EP-0056;0057,行・Wの区間を塊のまま並べ替え＋鍵,塊,位置,厳密,塊の並べ替え[P]→換字,AZ|KA,局所,なし,なし,計画値,両crib|容量,閉|不,y,n,中,行×周期は不
B03,EP-0057;0135,Wは空文字＋鍵,文字,位置,厳密,空文字[P]→換字,AZ|KA|鍵語,なし,なし,Sanborn,あり,両crib,閉,y,n,低,
B04,EP-0057;0135,Wは平文の区切り、鍵は区切りを飛ばす,文字,位置,厳密,空文字[P]→換字,鍵語,なし,なし,Sanborn,あり,両crib|容量,閉|不,y,n,低,列挙器の別方式6形まで
B05,EP-0079,ほかの空文字（間隔・特定の文字）,文字,位置,cribごと,空文字[P]→換字,AZ|KA,なし,なし,なし,あり,両crib,閉,y,n,低,閉相当
C01,EP-0110;0123;0126,Two-square・Four-square（Wは区切り）,塊2,なし|位置,厳密,方陣の座標（maskつきを含む）,任意片側|鍵語,なし,局所,なし,あり,両crib,閉,y,n,中,d_min 1・2（EP-0123）。組み方は偶数・奇数・Wの区間ごとの組み直しの3通り（EP-0110）なので、1回のずれはWの所で起きる場合だけ覆う
C02,EP-0110;0120;0123;0126,Bifid・CM-Bifid,塊,なし|位置,厳密,座標の分解[P]と組み替え,任意片側,なし,局所,なし,あり,両crib,閉,y,n,中,CM-Bifid d_min 1
C03,EP-0116,Doppelkasten,塊2,なし,厳密,2つの方陣（1回）,任意片側,なし,局所,なし,あり,両crib|容量,閉|不,y,n,高,2回がけは不
C04,EP-0123;0125,Playfair型,塊2,なし|位置,厳密|e1|1回のずれ|cribごと|2回以上,方陣（maskつきを含む）,任意片側|鍵語,なし,局所,なし,あり,両crib,除,y,n,中,R4。各cribに自己暗号化が1つずつある（32、73）ので、組み方・ずれ・cribごとの切り替えによらず閉じる。誤りは32と73の両方でないと開かない
C05,EP-0116,Slidefair・Portax,塊2,位置,厳密|1回のずれ|cribごと|2回以上,対の置換,KA|任意片側,なし,局所,なし,あり,両crib,除|未,y,n,中,R4（自己暗号化なし）は組み方・ずれによらない。Portax＋前段置換のP23〜33は未
C06,EP-0052;0071,Hill（固定）,塊2|塊3,なし,厳密|e5,行列,AZ|KA,なし,局所,なし,あり,両crib|容量,閉|不,y,n,中,n＝3は誤り5文字で不
C07,EP-0117;0122;0123,Hill（周期で変わる）,塊2|塊3,位置,厳密,行列,AZ|KA,なし,局所,なし,あり,両crib|容量,閉|不,y,n,高,d_min 1
C08,EP-0091;0120,固定の任意の2文字表,塊2,なし,厳密,676組の任意の置換,任意両側,なし,局所,なし,あり,容量,不,—,—,高,
C09,EP-0109,折り返しの対の固定表,位置の対,なし,厳密,固定表,任意両側,なし,局所,なし,あり,両crib,閉,y,n,中,
C10,EP-0052;0089,Trifid・Digrafid,塊3|語,なし,厳密|e5,座標[P],任意片側,なし,局所,なし,あり,両crib,閉,y,n,高,
C11,EP-0040;0067,分置・Nihilist・ADFGVX・Fractionated Morse,可変長,なし|位置,厳密,分置[P],任意片側,なし,後ろ全部,なし,あり,制約,除|閉,y,n,高,R6・R7
C12,—,Baconian・Trisquare,可変長,なし,—,長さが変わる[P],—,なし,—,なし,あり,制約,除,y,n,中,R7
C13,EP-0089,語ごとの符号帳,語,なし,—,符号帳,任意両側,なし,局所,Sanborn,あり,容量,不,—,—,低,符号帳が要る
C14,EP-0101;0137,語ごとのalphabet・語ごとに鍵をやり直す,語,位置,厳密,1語1alphabet,任意片側,なし,局所,なし,あり,両crib|容量,除|不,y,n,中,語末から数えEASTNORTHEASTを1語とする形は不
C15,—,Ragbaby（語の進みで鍵）,語,平文履歴,—,ずらし,KA,なし,後ろ全部,なし,あり,—,未,—,—,中,K1〜K3変種
E01,EP-0032;0053;0070;0071;0079,定数・周期,文字,位置,厳密|e5|1回のずれ|cribごと,ずらし,AZ|KA|剰余類任意,なし,なし,なし,あり,両crib|容量,閉|不,y,n,低,変種。p27〜29、53以上は不
E02,EP-0014;0021;0031;0079;0095;0107,位置の式,文字,位置,厳密|cribごと,ずらし,AZ|KA,なし,なし,なし,あり,両crib,閉,y,n,低,変種
E03,EP-0001;0037;0039;0094,漸化式（Gromark・LFSR・LCG）,文字,位置,厳密,ずらし,AZ|KA|任意両側,なし,なし,なし,あり,両crib|容量,閉|不,y,n,中,2つの任意alphabetは不
E04,EP-0020;0053;0070;0072-0077;0079;0084,文章（K0〜K3・tableau・世界時計・Carter第1巻）,文字,位置,厳密|e5|1回のずれ|cribごと,σ→ずらし→τ,AZ|KA|任意片側|任意両側,なし,なし,なし,あり,両crib|統計,閉|不,y,n,低,両側maskは英語度（検出力0.65〜0.85）
E05,EP-0124,文章（Carter第2・3巻、John 8:32ほか）,文字,位置,厳密,行選び,任意両側,なし,なし,なし,あり,両crib|容量,閉|不,y,n,低,長い本は不
E06,EP-0093;0103,数（日付・座標・時差）,文字,位置,厳密,ずらし,AZ|KA,なし,なし,なし,あり,両crib,閉,y,n,低,
E07,EP-0022-0036;0038;0065-0069;0080,彫刻の形・光・影・3D,文字,位置,厳密|e5,ずらし,AZ|KA,なし,なし,施工,施工後,両crib|容量,閉|不,y,n,中,天井
E08,EP-0063;0064;0085,Hagelin（M-209・CX-52）,文字,外の状態,厳密,ずらし（ピン・籠）,AZ,なし,なし,Scheidt,あり,統計|容量,閉|未|不,y,n,高,変種。重なり籠・CX-52aは未
E09,EP-0057;0079;0107,区間ごとの基準＋区間の中の鍵,文字,位置,cribごと,ずらし,AZ|KA,なし,なし,なし,あり,crib1|crib2|容量,閉|不,y,n,低,
E10,EP-0108,2本の文章の差・和,文字,位置,厳密,ずらし,AZ|KA,なし,なし,なし,あり,両crib,閉|未,y,n,中,行＋列は未（変種）
E11,—,手で選んだ鍵（使い捨て）,文字,位置,厳密,ずらし,AZ|KA,なし,なし,Sanborn,あり,容量,不,—,—,中,
E12p,EP-0014;0016;0074;0075,平文の自動鍵（σ・τつき）,文字,平文履歴,厳密,ずらし [H],AZ|KA|任意片側,なし,後ろ全部,なし,あり,両crib,閉,y,n,低,復号では誤りがL置きに後ろへ広がるが、cribの式（両方の平文が既知）では局所
E12c,EP-0014;0016;0074;0075;0079,暗号文の自動鍵（σ・τつき）,文字,暗号文履歴,厳密|cribごと,ずらし [H],AZ|KA|任意片側,なし,局所,なし,あり,両crib,閉,y,n,低,自己同期：暗号字の抜け1つは、直後のL文字の鍵だけを狂わせる（Lが小さければ誤りの許容に入る）
F01,EP-0113;0124,T IS YOUR POSITION,文字,位置,厳密,切り替え・行選び,AZ|KA|任意両側,なし,なし,復号後,あり,両crib,閉,y,n,中,
F02,EP-0079;0113,ID BY ROWS（行ごとの鍵・型）,文字,位置,cribごと,行ごとの鍵,AZ|KA,配置から,なし,なし,計画値,crib1|crib2,閉|未,y,n,低,E09の切り替え規則としては未
F03,EP-0054;0073;0076,LAYER TWO（2層）,文字,位置,厳密,σ→鍵1→鍵2→τ,AZ|KA|任意両側,なし,なし,Scheidt,あり,両crib|統計|容量,閉|不,y,n,中,両側maskは不
F04,EP-0045;0086,K3の場面から窓の規則,文字,位置,厳密,窓,AZ|KA,配置から,なし,なし,あり,両crib|容量,閉|不,y,n,中,96通りの外は不
F05,EP-0068;0069,光と影,文字,位置,厳密,ずらし,AZ|KA,なし,なし,施工,施工後,統計,閉,y,n,中,
F06,EP-0135,Wは後から入れた（上書き）,文字,平文履歴|暗号文履歴|外の状態,厳密,上書き,KA|鍵語,なし,後ろ全部,Sanborn,施工後,両crib,閉,y,n,中,Wの5文字（どれもcribの外）を未知として判定
F07,EP-0025;0109,中央の折り・鏡像,位置の対,なし,厳密,折り,—,配置から,なし,なし,計画値,両crib,閉,y,n,中,
F08,EP-0040,コンパスとlodestone,—,—,—,—,—,—,—,復号後,施工後,容量,不,—,—,低,現地の1 bit
G01,EP-0070;0071;0123;0131;0136,彫り誤り,—,—,e5|e7,—,—,—,—,施工,施工後,両crib,済,y,n,—,修飾。対象の族の同期の列に移した
G02,EP-0090,鍵の書き誤り（鍵語の綴りの誤り）,—,—,e1,—,—,—,—,Sanborn,あり,両crib,済,y,n,—,暗号字1文字の誤りと同じ
G03,EP-0079,鍵の列が途中で1文字飛ぶ,—,—,1回のずれ,—,—,—,—,Sanborn,あり,両crib,済|未,y,n,—,文章の鍵の飛びは未（→ H02の1回のずれで覆う）
H02a,EP-0119,"列挙器（274 alphabet×選び方1,663万×表10形）",文字,位置|暗号文履歴,厳密,σ1→行選び→σ2（2層まで）,AZ|KA|鍵語,なし,なし|局所|後ろ全部,なし,あり|計画値,両crib,閉,y,n,中,暗号文履歴＝暗号文の自動鍵と文字の数え上げ
H02b,EP-0134,列挙器をcribごとに,文字,位置|暗号文履歴,cribごと|1回のずれ,同上,AZ|KA|鍵語,なし,なし|局所|後ろ全部,なし,あり|計画値,crib1|crib2,閉,y,n,中,自由な起点が1回のずれを吸収。i div m の起点は0・21・59だけ
H02c,EP-0131;0136,列挙器を誤り7文字まで,文字,位置|暗号文履歴,e7,同上,AZ|KA|鍵語,なし,なし|局所,なし,あり|計画値,両crib,閉,y,n,中,暗号文を読む選び方×彫り誤りの広がりは取りこぼしうる
H02d,EP-0127,第2段：別方式の表＋ずらしのmask,文字,位置,厳密,表→mask（前・後）,AZ|KA|鍵語,なし,なし,Scheidt,あり,両crib,閉,y,n,中,
H02e,EP-0137,J01：語の中の並べ替え＋列挙器,語,位置,厳密,語の中の並べ替え[P]→換字,AZ|KA|鍵語,局所,なし,なし,あり,両crib,閉,y,n,中,逆順J01′を含む
I01,EP-0132,反射板つきロータ機＋σ,文字,外の状態,厳密,σ→Enigma,任意片側,なし,なし,なし,あり,両crib,閉,y,n,高,plugboardありは不
I03,EP-0130,Red・Purple,文字,外の状態,厳密,区分けを保つ置換,任意片側,なし,なし,なし,あり,両crib,除,y,n,高,
I05,EP-0130,Twin Bifid,塊,なし,—,座標[P],任意片側,なし,局所,なし,あり,容量,不,—,—,高,
I06,EP-0130,Compressocrat・Syllabary・Slidex・BATCO,可変長,なし,—,—,—,なし,—,なし,あり,制約,除,y,n,中,R6・R7・R2
I07,EP-0130,Condi・Wheatstone・Interrupted Key,文字,平文履歴,—,ずらし,AZ|KA,なし,後ろ全部,なし,あり,—,未,—,—,中,K1〜K3変種。R8と緊張
J02,EP-0138,2つのOの区間の2文字暗号,位置の対,なし|位置,厳密,方陣・Hill,任意片側|鍵語,なし,局所,なし,あり,両crib,閉,y,n,中,
J03,EP-0137,語ごとに鍵をやり直す（表は問わない）,語,位置,厳密,語の中の位置で行,任意両側,なし,局所,なし,あり,crib1|容量,除|不,y,n,中,
J04,—,手旗信号の回転・反転,文字,位置,厳密,腕の位置,—,なし,なし,なし,あり,crib1,除,y,n,中,
J05,—,点字の上の操作,文字|可変長,位置,厳密,点の置換・XOR・移動[P],—,局所,局所,なし,あり,crib1,除,y,n,中,
J06,—,配置を点字として読む,—,—,—,—,—,配置から,—,なし,計画値,—,未,—,—,低,暗号の方式ではない
J07,—,move-to-front,文字,平文履歴,厳密,履歴で変わる置換 [H],AZ,なし,後ろ全部,なし,あり,crib1,除,y,n,中,
J08,coordinator,縦・重なりの2〜3文字に行列,塊2|塊3,なし,厳密,折り[P]→行列,AZ|KA,配置から,局所,なし,計画値,両crib,閉,y,n,中,K4の3行は31列の表と同じ（計画値）
J09,coordinator,物理量の段で任意の表を切り替える,文字,位置,厳密,段→表,任意両側,なし,なし,施工,施工後,両crib|容量,閉|不,y,n,中,5段以上は不
J10,EP-0139,YAR・余分なL,—,—,—,—,—,—,—,施工,施工後,—,不,—,—,—,写真で決まらない
J11,coordinator,2層の重ね（光）,文字,位置,厳密,重ね→mask,—,配置から,なし,Scheidt,施工後|計画値,crib1|統計,除|閉,y,n,中,
J12,EP-0140,施工の事実が決める演算子（行・列・継ぎ目）,文字,位置,厳密,位置の組→任意の表,任意両側,配置から,なし,施工,計画値,crib1|容量,除|不,y,n,中,K4の行・列は31列の表と同じ（計画値）
J13,EP-0141,K1〜K3の制作の痕跡,—,—,—,—,—,配置から,—,施工,施工後,—,STOP,—,—,—,演算子は固定できない
R1R3,EP-0027;0041;0091,単一換字・固定の同音・位置によらない変換,文字,なし,厳密|e1|1回のずれ|cribごと|2回以上,固定の置換,任意両側,なし,なし,なし,あり,統計|crib1,除,y,y,低,IC（R1）とEASTの繰り返し（R3、crib1の中）
