time,n_waiting,n_busy
300.0000,0,1
301.5000,1,4
303.0000,3,4
304.5000,5,4
306.0000,0,2
307.5000,0,1
309.0000,0,1
310.5000,0,0
312.0000,0,4
313.5000,0,2
315.0000,0,2
316.5000,0,0
318.0000,0,2
319.5000,0,1
321.0000,0,3
322.5000,0,2
324.0000,0,1
325.5000,0,1
327.0000,0,1
328.5000,0,2
330.0000,0,1
331.5000,0,2
333.0000,0,4
334.5000,3,4
336.0000,5,4
337.5000,3,4
339.0000,2,4
340.5000,0,2
342.0000,0,3
343.5000,0,2
345.0000,0,0
346.5000,0,2
348.0000,0,4
349.5000,0,2
351.0000,0,2
352.5000,0,3
354.0000,0,2
355.5000,0,3
357.0000,2,4
358.5000,0,4
360.0000,0,0
361.5000,0,0
363.0000,0,0
364.5000,0,0
366.0000,0,3
367.5000,3,4
369.0000,2,4
370.5000,4,4
372.0000,0,4
373.5000,0,3
375.0000,1,4
376.5000,0,2
378.0000,6,4
379.5000,3,4
381.0000,0,3
382.5000,0,2
384.0000,0,3
385.5000,0,4
387.0000,7,4
388.5000,4,4
390.0000,0,3
391.5000,0,1
393.0000,0,2
394.5000,0,1
396.0000,0,0
397.5000,0,4
399.0000,0,3
400.5000,1,4
402.0000,0,3
403.5000,0,2
405.0000,0,1
406.5000,0,1
408.0000,0,1
409.5000,0,0
411.0000,1,4
412.5000,2,4
414.0000,2,4
415.5000,2,4
417.0000,1,4
418.5000,1,4
420.0000,0,3
421.5000,0,4
423.0000,0,2
424.5000,0,1
426.0000,0,0
427.5000,0,2
429.0000,0,4
430.5000,0,3
432.0000,0,2
433.5000,0,1
435.0000,0,0
436.5000,0,2
438.0000,0,1
439.5000,0,2
441.0000,0,1
442.5000,0,1
444.0000,0,4
445.5000,0,4
447.0000,0,2
448.5000,0,1
450.0000,0,0
451.5000,0,0
453.0000,0,0
454.5000,0,0
456.0000,0,2
457.5000,1,4
459.0000,0,1
460.5000,0,2
462.0000,0,0
463.5000,0,1
465.0000,0,0
466.5000,0,0
468.0000,0,0
469.5000,0,1
471.0000,0,1
472.5000,1,4
474.0000,0,1
475.5000,0,3
477.0000,0,3
478.5000,0,0
480.0000,0,0
481.5000,0,0
483.0000,0,3
484.5000,3,4
486.0000,4,4
487.5000,2,4
489.0000,0,2
490.5000,0,1
492.0000,1,4
493.5000,1,4
495.0000,0,1
496.5000,0,0
498.0000,0,0
499.5000,0,0
501.0000,0,2
502.5000,0,1
504.0000,0,1
505.5000,0,4
507.0000,1,4
508.5000,0,4
510.0000,0,2
511.5000,1,4
513.0000,0,2
514.5000,0,1
516.0000,0,1
517.5000,0,1
519.0000,0,2
520.5000,0,0
522.0000,0,1
523.5000,0,1
525.0000,0,3
526.5000,0,4
528.0000,1,4
529.5000,3,4
531.0000,0,2
532.5000,0,1
534.0000,1,4
535.5000,0,2
537.0000,0,1
538.5000,0,2
540.0000,1,4
541.5000,0,0
543.0000,0,0
544.5000,0,3
546.0000,0,0
547.5000,0,0
549.0000,0,1
550.5000,0,1
552.0000,0,1
553.5000,0,3
555.0000,0,3
556.5000,0,0
558.0000,0,1
559.5000,0,1
561.0000,0,2
562.5000,0,3
564.0000,0,1
565.5000,0,1
567.0000,0,0
568.5000,0,3
570.0000,0,3
571.5000,0,4
573.0000,11,4
574.5000,8,4
576.0000,2,4
577.5000,4,4
579.0000,4,4
580.5000,0,4
582.0000,0,3
583.5000,0,3
585.0000,0,2
586.5000,0,2
588.0000,0,4
589.5000,0,0
591.0000,1,4
592.5000,7,4
594.0000,9,4
595.5000,5,4
597.0000,2,4
598.5000,0,4
600.0000,1,4
601.5000,0,3
603.0000,0,0
604.5000,0,1
606.0000,0,2
607.5000,0,1
609.0000,3,4
610.5000,0,3
612.0000,0,2
613.5000,0,0
615.0000,0,0
616.5000,0,3
618.0000,0,3
619.5000,0,1
621.0000,0,0
622.5000,0,4
624.0000,0,1
625.5000,3,4
627.0000,5,4
628.5000,2,4
630.0000,0,3
631.5000,0,2
633.0000,0,0
634.5000,0,0
636.0000,1,4
637.5000,4,4
639.0000,3,4
640.5000,0,3
642.0000,0,2
643.5000,0,2
645.0000,4,4
646.5000,3,4
648.0000,0,2
649.5000,0,3
651.0000,2,4
652.5000,2,4
654.0000,2,4
655.5000,1,4
657.0000,1,4
658.5000,0,1
660.0000,2,4
661.5000,0,3
663.0000,3,4
664.5000,0,2
666.0000,0,1
667.5000,0,1
669.0000,0,0
670.5000,0,1
672.0000,0,0
673.5000,0,1
675.0000,2,4
676.5000,0,4
678.0000,0,2
679.5000,0,4
681.0000,0,2
682.5000,0,3
684.0000,0,2
685.5000,0,2
687.0000,0,1
688.5000,0,1
690.0000,0,2
691.5000,6,4
693.0000,4,4
694.5000,3,4
696.0000,0,3
697.5000,0,4
699.0000,2,4
700.5000,6,4
702.0000,2,4
703.5000,0,2
705.0000,0,2
706.5000,0,2
708.0000,0,4
709.5000,0,3
711.0000,4,4
712.5000,7,4
714.0000,1,4
715.5000,4,4
717.0000,0,3
718.5000,0,2
720.0000,0,1
721.5000,0,2
723.0000,0,2
724.5000,0,1
726.0000,0,0
727.5000,0,0
729.0000,0,1
730.5000,0,3
732.0000,2,4
733.5000,0,4
735.0000,0,3
736.5000,0,1
738.0000,2,4
739.5000,1,4
741.0000,2,4
742.5000,7,4
744.0000,5,4
745.5000,3,4
747.0000,0,4
748.5000,9,4
750.0000,7,4
751.5000,11,4
753.0000,7,4
754.5000,2,4
756.0000,4,4
757.5000,5,4
759.0000,4,4
760.5000,3,4
762.0000,0,4
763.5000,0,2
765.0000,2,4
766.5000,0,2
768.0000,0,0
769.5000,0,0
771.0000,0,0
772.5000,0,1
774.0000,0,0
775.5000,0,0
777.0000,0,0
778.5000,0,1
780.0000,0,0
781.5000,0,1
783.0000,0,1
784.5000,0,1
786.0000,0,0
787.5000,0,3
789.0000,0,2
790.5000,0,2
792.0000,0,3
793.5000,2,4
795.0000,3,4
796.5000,0,2
798.0000,0,3
799.5000,0,0
801.0000,0,0
802.5000,0,1
804.0000,0,1
805.5000,0,0
807.0000,0,0
808.5000,0,0
810.0000,0,0
811.5000,0,2
813.0000,0,0
814.5000,0,0
816.0000,0,1
817.5000,0,0
819.0000,0,0
820.5000,0,3
822.0000,0,2
823.5000,0,2
825.0000,0,1
826.5000,0,0
828.0000,0,0
829.5000,0,0
831.0000,0,1
832.5000,1,4
834.0000,3,4
835.5000,9,4
837.0000,9,4
838.5000,4,4
840.0000,3,4
841.5000,8,4
843.0000,10,4
844.5000,9,4
846.0000,7,4
847.5000,9,4
849.0000,9,4
850.5000,6,4
852.0000,8,4
853.5000,6,4
855.0000,8,4
856.5000,6,4
858.0000,4,4
859.5000,0,4
861.0000,0,1
862.5000,1,4
864.0000,2,4
865.5000,0,4
867.0000,0,2
868.5000,7,4
870.0000,6,4
871.5000,5,4
873.0000,2,4
874.5000,0,2
876.0000,1,4
877.5000,0,2
879.0000,0,0
880.5000,0,1
882.0000,0,0
883.5000,0,0
885.0000,2,4
886.5000,0,2
888.0000,0,0
889.5000,0,0
891.0000,0,0
892.5000,0,1
894.0000,0,0
895.5000,0,1
897.0000,0,4
898.5000,0,3
900.0000,0,3
901.5000,0,2
903.0000,0,4
904.5000,0,4
906.0000,0,0
907.5000,0,2
909.0000,0,0
910.5000,5,4
912.0000,3,4
913.5000,0,2
915.0000,0,2
916.5000,0,1
918.0000,0,0
919.5000,0,3
921.0000,0,0
922.5000,0,4
924.0000,0,2
925.5000,0,1
927.0000,0,2
928.5000,0,4
930.0000,2,4
931.5000,0,4
933.0000,2,4
934.5000,3,4
936.0000,5,4
937.5000,7,4
939.0000,4,4
940.5000,3,4
942.0000,6,4
943.5000,7,4
945.0000,5,4
946.5000,0,4
948.0000,0,2
949.5000,2,4
951.0000,0,4
952.5000,0,3
954.0000,0,0
955.5000,0,2
957.0000,5,4
958.5000,2,4
960.0000,1,4
961.5000,0,3
963.0000,0,3
964.5000,0,2
966.0000,0,4
967.5000,1,4
969.0000,0,3
970.5000,17,4
972.0000,16,4
973.5000,22,4
975.0000,18,4
976.5000,18,4
978.0000,22,4
979.5000,17,4
981.0000,10,4
982.5000,7,4
984.0000,4,4
985.5000,5,4
987.0000,7,4
988.5000,14,4
990.0000,14,4
991.5000,11,4
993.0000,8,4
994.5000,6,4
996.0000,2,4
997.5000,0,3
999.0000,0,2
1000.5000,0,3
1002.0000,0,1
1003.5000,0,2
1005.0000,0,3
1006.5000,0,3
1008.0000,0,2
1009.5000,0,2
1011.0000,8,4
1012.5000,7,4
1014.0000,9,4
1015.5000,6,4
1017.0000,6,4
1018.5000,5,4
1020.0000,4,4
1021.5000,0,3
1023.0000,0,3
1024.5000,0,2
1026.0000,0,2
1027.5000,0,1
1029.0000,0,1
1030.5000,0,0
1032.0000,0,0
1033.5000,0,1
1035.0000,0,3
1036.5000,0,0
1038.0000,4,4
1039.5000,2,4
1041.0000,0,3
1042.5000,0,2
1044.0000,0,3
1045.5000,0,1
1047.0000,0,0
1048.5000,0,3
1050.0000,0,1
1051.5000,0,0
1053.0000,0,1
1054.5000,0,3
1056.0000,0,2
1057.5000,0,0
1059.0000,0,0
1060.5000,0,0
1062.0000,0,1
1063.5000,4,4
1065.0000,0,3
1066.5000,3,4
1068.0000,1,4
1069.5000,2,4
1071.0000,0,4
1072.5000,0,1
1074.0000,0,3
1075.5000,0,1
1077.0000,1,4
1078.5000,0,4
1080.0000,3,4
1081.5000,0,4
1083.0000,0,1
1084.5000,2,4
1086.0000,0,1
1087.5000,0,4
1089.0000,0,1
1090.5000,0,3
1092.0000,5,4
1093.5000,3,4
1095.0000,0,3
1096.5000,0,0
1098.0000,0,0
1099.5000,0,3
1101.0000,0,3
1102.5000,0,4
1104.0000,0,3
1105.5000,0,1
1107.0000,0,1
1108.5000,0,0
1110.0000,0,1
1111.5000,0,0
1113.0000,0,3
1114.5000,0,3
1116.0000,0,2
1117.5000,0,2
1119.0000,0,3
1120.5000,2,4
1122.0000,0,4
1123.5000,6,4
1125.0000,10,4
1126.5000,13,4
1128.0000,6,4
1129.5000,6,4
1131.0000,7,4
1132.5000,3,4
1134.0000,4,4
1135.5000,0,2
1137.0000,0,3
1138.5000,5,4
1140.0000,3,4
1141.5000,0,4
1143.0000,0,3
1144.5000,0,0
1146.0000,0,0
1147.5000,2,4
1149.0000,0,3
1150.5000,9,4
1152.0000,7,4
1153.5000,10,4
1155.0000,19,4
1156.5000,15,4
1158.0000,14,4
1159.5000,13,4
1161.0000,11,4
1162.5000,11,4
1164.0000,10,4
1165.5000,5,4
1167.0000,5,4
1168.5000,5,4
1170.0000,4,4
1171.5000,5,4
1173.0000,1,4
1174.5000,2,4
1176.0000,0,3
1177.5000,0,3
1179.0000,0,4
1180.5000,0,2
1182.0000,5,4
1183.5000,10,4
1185.0000,7,4
1186.5000,5,4
1188.0000,4,4
1189.5000,0,4
1191.0000,0,3
1192.5000,1,4
1194.0000,0,3
1195.5000,0,4
1197.0000,0,1
1198.5000,0,2
1200.0000,0,1
1201.5000,0,1
1203.0000,0,0
1204.5000,2,4
1206.0000,0,2
1207.5000,0,3
1209.0000,1,4
1210.5000,0,2
1212.0000,0,2
1213.5000,0,2
1215.0000,4,4
1216.5000,3,4
1218.0000,0,2
1219.5000,0,2
1221.0000,0,2
1222.5000,0,1
1224.0000,0,0
1225.5000,0,3
1227.0000,1,4
1228.5000,0,2
1230.0000,0,4
1231.5000,0,1
1233.0000,0,0
1234.5000,0,0
1236.0000,0,0
1237.5000,0,0
1239.0000,0,0
1240.5000,0,0
1242.0000,0,1
1243.5000,0,1
1245.0000,9,4
1246.5000,9,4
1248.0000,5,4
1249.5000,5,4
1251.0000,0,4
1252.5000,0,4
1254.0000,2,4
1255.5000,3,4
1257.0000,0,4
1258.5000,1,4
1260.0000,0,2
1261.5000,0,2
1263.0000,0,1
1264.5000,0,1
1266.0000,0,0
1267.5000,0,0
1269.0000,0,0
1270.5000,0,2
1272.0000,0,3
1273.5000,0,2
1275.0000,0,1
1276.5000,0,3
1278.0000,0,4
1279.5000,0,2
1281.0000,7,4
1282.5000,7,4
1284.0000,3,4
1285.5000,0,3
1287.0000,1,4
1288.5000,0,2
1290.0000,0,2
1291.5000,0,1
1293.0000,0,1
1294.5000,0,3
1296.0000,0,2
1297.5000,1,4
1299.0000,3,4
1300.5000,0,2
1302.0000,1,4
1303.5000,0,2
1305.0000,0,3
1306.5000,1,4
1308.0000,0,3
1309.5000,0,2
1311.0000,0,3
1312.5000,0,3
1314.0000,0,0
1315.5000,0,0
1317.0000,2,4
1318.5000,0,2
1320.0000,0,3
1321.5000,0,4
1323.0000,0,1
1324.5000,0,1
1326.0000,0,1
1327.5000,0,1
1329.0000,0,1
1330.5000,1,4
1332.0000,0,2
1333.5000,0,3
1335.0000,0,4
1336.5000,1,4
1338.0000,0,1
1339.5000,0,1
1341.0000,3,4
1342.5000,4,4
1344.0000,4,4
1345.5000,6,4
1347.0000,2,4
1348.5000,2,4
1350.0000,1,4
1351.5000,13,4
1353.0000,19,4
1354.5000,19,4
1356.0000,15,4
1357.5000,14,4
1359.0000,12,4
1360.5000,11,4
1362.0000,10,4
1363.5000,6,4
1365.0000,0,4
1366.5000,0,3
1368.0000,0,4
1369.5000,0,2
1371.0000,0,4
1372.5000,0,1
1374.0000,0,1
1375.5000,0,3
1377.0000,0,2
1378.5000,6,4
1380.0000,4,4
1381.5000,9,4
1383.0000,5,4
1384.5000,4,4
1386.0000,7,4
1387.5000,6,4
1389.0000,5,4
1390.5000,6,4
1392.0000,4,4
1393.5000,0,2
1395.0000,0,4
1396.5000,3,4
1398.0000,0,4
1399.5000,0,1
1401.0000,0,4
1402.5000,0,4
1404.0000,2,4
1405.5000,9,4
1407.0000,10,4
1408.5000,13,4
1410.0000,8,4
1411.5000,10,4
1413.0000,15,4
1414.5000,11,4
1416.0000,12,4
1417.5000,21,4
1419.0000,18,4
1420.5000,14,4
1422.0000,17,4
1423.5000,16,4
1425.0000,16,4
1426.5000,17,4
1428.0000,17,4
1429.5000,19,4
1431.0000,16,4
1432.5000,13,4
1434.0000,11,4
1435.5000,1,4
1437.0000,0,3
1438.5000,0,1
1440.0000,0,1
1441.5000,0,2
1443.0000,0,2
1444.5000,0,1
1446.0000,0,1
1447.5000,0,1
1449.0000,0,0
1450.5000,0,0
1452.0000,0,0
1453.5000,0,1
1455.0000,0,0
1456.5000,0,0
1458.0000,0,0
1459.5000,0,1
1461.0000,0,0
1462.5000,0,2
1464.0000,0,2
1465.5000,0,0
1467.0000,4,4
1468.5000,3,4
1470.0000,1,4
1471.5000,6,4
1473.0000,2,4
1474.5000,2,4
1476.0000,0,3
1477.5000,0,1
1479.0000,0,3
1480.5000,0,0
1482.0000,0,1
1483.5000,0,3
1485.0000,0,3
1486.5000,2,4
1488.0000,0,3
1489.5000,0,2
1491.0000,0,4
1492.5000,3,4
1494.0000,0,3
1495.5000,0,4
1497.0000,0,4
1498.5000,2,4
1500.0000,0,2
1501.5000,0,3
1503.0000,7,4
1504.5000,3,4
1506.0000,8,4
1507.5000,15,4
1509.0000,15,4
1510.5000,15,4
1512.0000,11,4
1513.5000,4,4
1515.0000,3,4
1516.5000,0,3
1518.0000,1,4
1519.5000,0,2
1521.0000,0,4
1522.5000,0,3
1524.0000,0,2
1525.5000,0,2
1527.0000,0,1
1528.5000,0,1
1530.0000,0,2
1531.5000,0,1
1533.0000,0,3
1534.5000,0,1
1536.0000,0,1
1537.5000,0,3
1539.0000,3,4
1540.5000,1,4
1542.0000,0,2
1543.5000,0,4
1545.0000,1,4
1546.5000,5,4
1548.0000,1,4
1549.5000,0,3
1551.0000,2,4
1552.5000,0,3
1554.0000,0,1
1555.5000,0,3
1557.0000,0,2
1558.5000,0,4
1560.0000,0,1
1561.5000,0,4
1563.0000,1,4
1564.5000,0,2
1566.0000,1,4
1567.5000,0,1
1569.0000,0,3
1570.5000,0,3
1572.0000,2,4
1573.5000,0,4
1575.0000,0,1
1576.5000,0,1
1578.0000,0,1
1579.5000,0,1
1581.0000,0,0
1582.5000,0,0
1584.0000,1,4
1585.5000,0,2
1587.0000,0,1
1588.5000,0,3
1590.0000,0,1
1591.5000,0,2
1593.0000,0,3
1594.5000,0,3
1596.0000,0,1
1597.5000,0,2
1599.0000,0,2
1600.5000,1,4
1602.0000,5,4
1603.5000,7,4
1605.0000,1,4
1606.5000,7,4
1608.0000,4,4
1609.5000,0,4
1611.0000,0,2
1612.5000,0,4
1614.0000,0,2
1615.5000,1,4
1617.0000,5,4
1618.5000,1,4
1620.0000,2,4
1621.5000,0,2
1623.0000,0,1
1624.5000,0,1
1626.0000,0,0
1627.5000,0,0
1629.0000,0,1
1630.5000,0,0
1632.0000,0,1
1633.5000,0,1
1635.0000,4,4
1636.5000,0,4
1638.0000,0,1
1639.5000,0,0
1641.0000,0,2
1642.5000,0,1
1644.0000,0,3
1645.5000,0,2
1647.0000,0,1
1648.5000,0,1
1650.0000,1,4
1651.5000,0,0
1653.0000,0,0
1654.5000,1,4
1656.0000,0,2
1657.5000,0,3
1659.0000,0,2
1660.5000,0,0
1662.0000,0,0
1663.5000,0,0
1665.0000,0,2
1666.5000,2,4
1668.0000,5,4
1669.5000,8,4
1671.0000,6,4
1672.5000,3,4
1674.0000,1,4
1675.5000,9,4
1677.0000,7,4
1678.5000,4,4
1680.0000,1,4
1681.5000,1,4
1683.0000,0,4
1684.5000,0,1
1686.0000,1,4
1687.5000,0,4
1689.0000,0,4
1690.5000,0,1
1692.0000,0,3
1693.5000,0,1
1695.0000,0,1
1696.5000,0,0
1698.0000,0,0
1699.5000,0,2
1701.0000,3,4
1702.5000,0,4
1704.0000,0,4
1705.5000,0,1
1707.0000,5,4
1708.5000,3,4
1710.0000,0,3
1711.5000,0,1
1713.0000,0,2
1714.5000,0,4
1716.0000,0,3
1717.5000,0,4
1719.0000,0,3
1720.5000,0,3
1722.0000,0,3
1723.5000,4,4
1725.0000,0,4
1726.5000,0,2
1728.0000,0,1
1729.5000,2,4
1731.0000,0,2
1732.5000,0,2
1734.0000,0,2
1735.5000,0,1
1737.0000,0,0
1738.5000,0,4
1740.0000,2,4
1741.5000,2,4
1743.0000,3,4
1744.5000,2,4
1746.0000,0,2
1747.5000,0,0
1749.0000,0,3
1750.5000,0,1
1752.0000,0,1
1753.5000,0,1
1755.0000,2,4
1756.5000,2,4
1758.0000,0,4
1759.5000,4,4
1761.0000,6,4
1762.5000,5,4
1764.0000,2,4
1765.5000,2,4
1767.0000,5,4
1768.5000,3,4
1770.0000,0,3
1771.5000,0,2
1773.0000,6,4
1774.5000,8,4
1776.0000,6,4
1777.5000,4,4
1779.0000,1,4
1780.5000,1,4
1782.0000,1,4
1783.5000,0,2
1785.0000,0,1
1786.5000,0,1
1788.0000,0,2
1789.5000,0,1
1791.0000,0,2
1792.5000,0,0
1794.0000,0,4
1795.5000,5,4
1797.0000,2,4
1798.5000,0,3
1800.0000,3,4
1801.5000,0,1
1803.0000,0,4
1804.5000,10,4
1806.0000,14,4
1807.5000,14,4
1809.0000,11,4
1810.5000,10,4
1812.0000,6,4
1813.5000,3,4
1815.0000,0,3
1816.5000,0,4
1818.0000,4,4
1819.5000,5,4
1821.0000,3,4
1822.5000,6,4
1824.0000,1,4
1825.5000,7,4
1827.0000,0,4
1828.5000,0,1
1830.0000,4,4
1831.5000,4,4
1833.0000,3,4
1834.5000,2,4
1836.0000,0,4
1837.5000,0,1
1839.0000,3,4
1840.5000,2,4
1842.0000,0,4
1843.5000,0,2
1845.0000,0,2
1846.5000,0,4
1848.0000,0,1
1849.5000,0,3
1851.0000,1,4
1852.5000,1,4
1854.0000,0,3
1855.5000,0,2
1857.0000,0,3
1858.5000,0,3
1860.0000,0,0
1861.5000,0,0
1863.0000,0,2
1864.5000,0,2
1866.0000,0,3
1867.5000,10,4
1869.0000,6,4
1870.5000,5,4
1872.0000,4,4
1873.5000,0,4
1875.0000,0,2
1876.5000,0,3
1878.0000,0,1
1879.5000,0,2
1881.0000,0,1
1882.5000,0,3
1884.0000,0,2
1885.5000,0,2
1887.0000,0,1
1888.5000,0,2
1890.0000,0,0
1891.5000,0,0
1893.0000,0,1
1894.5000,0,2
1896.0000,0,1
1897.5000,0,0
1899.0000,0,0
1900.5000,0,0
1902.0000,0,1
1903.5000,0,0
1905.0000,0,0
1906.5000,0,0
1908.0000,0,0
1909.5000,0,0
1911.0000,0,0
1912.5000,0,0
1914.0000,0,0
1915.5000,0,0
1917.0000,0,0
1918.5000,0,2
1920.0000,0,4
1921.5000,0,1
1923.0000,0,2
1924.5000,7,4
1926.0000,7,4
1927.5000,5,4
1929.0000,6,4
1930.5000,4,4
1932.0000,3,4
1933.5000,2,4
1935.0000,0,4
1936.5000,0,3
1938.0000,0,1
1939.5000,0,0
1941.0000,0,0
1942.5000,0,0
1944.0000,0,3
1945.5000,0,2
1947.0000,0,2
1948.5000,0,0
1950.0000,0,1
1951.5000,0,2
1953.0000,3,4
1954.5000,0,3
1956.0000,1,4
1957.5000,0,2
1959.0000,0,0
1960.5000,0,0
1962.0000,0,0
1963.5000,0,4
1965.0000,0,1
1966.5000,0,1
1968.0000,0,3
1969.5000,0,2
1971.0000,0,2
1972.5000,0,2
1974.0000,0,0
1975.5000,0,2
1977.0000,0,0
1978.5000,0,1
1980.0000,0,4
1981.5000,4,4
1983.0000,7,4
1984.5000,12,4
1986.0000,15,4
1987.5000,12,4
1989.0000,15,4
1990.5000,13,4
1992.0000,10,4
1993.5000,11,4
1995.0000,8,4
1996.5000,8,4
1998.0000,5,4
1999.5000,4,4
2001.0000,0,4
2002.5000,0,1
2004.0000,0,0
2005.5000,0,0
2007.0000,0,2
2008.5000,0,2
2010.0000,0,2
2011.5000,0,1
2013.0000,0,3
2014.5000,0,0
2016.0000,0,4
2017.5000,0,0
2019.0000,0,3
2020.5000,0,1
2022.0000,0,2
2023.5000,0,2
2025.0000,0,2
2026.5000,8,4
2028.0000,7,4
2029.5000,6,4
2031.0000,12,4
2032.5000,15,4
2034.0000,12,4
2035.5000,10,4
2037.0000,8,4
2038.5000,11,4
2040.0000,15,4
2041.5000,16,4
2043.0000,15,4
2044.5000,14,4
2046.0000,9,4
2047.5000,7,4
2049.0000,11,4
2050.5000,7,4
2052.0000,7,4
2053.5000,9,4
2055.0000,6,4
2056.5000,3,4
2058.0000,2,4
2059.5000,3,4
2061.0000,10,4
2062.5000,13,4
2064.0000,8,4
2065.5000,6,4
2067.0000,10,4
2068.5000,6,4
2070.0000,4,4
2071.5000,2,4
2073.0000,5,4
2074.5000,5,4
2076.0000,4,4
2077.5000,0,4
2079.0000,0,1
2080.5000,0,4
2082.0000,0,2
2083.5000,0,1
2085.0000,0,0
2086.5000,0,1
2088.0000,0,1
2089.5000,0,1
2091.0000,0,1
2092.5000,0,2
2094.0000,0,2
2095.5000,0,2
2097.0000,0,1
2098.5000,0,2
2100.0000,0,1
2101.5000,1,4
2103.0000,0,3
2104.5000,0,2
2106.0000,1,4
2107.5000,3,4
2109.0000,3,4
2110.5000,0,4
2112.0000,0,3
2113.5000,0,2
2115.0000,0,3
2116.5000,0,1
2118.0000,0,1
2119.5000,0,3
2121.0000,2,4
2122.5000,0,4
2124.0000,0,0
2125.5000,6,4
2127.0000,8,4
2128.5000,8,4
2130.0000,6,4
2131.5000,4,4
2133.0000,0,4
2134.5000,0,4
2136.0000,0,4
2137.5000,0,2
2139.0000,1,4
2140.5000,0,4
2142.0000,1,4
2143.5000,0,3
2145.0000,0,1
2146.5000,0,1
2148.0000,0,0
2149.5000,0,0
2151.0000,0,3
2152.5000,3,4
2154.0000,0,3
2155.5000,0,3
2157.0000,0,4
2158.5000,0,2
2160.0000,1,4
2161.5000,0,4
2163.0000,10,4
2164.5000,9,4
2166.0000,7,4
2167.5000,8,4
2169.0000,6,4
2170.5000,0,2
2172.0000,0,3
2173.5000,0,2
2175.0000,0,1
2176.5000,0,0
2178.0000,0,1
2179.5000,0,1
2181.0000,0,1
2182.5000,0,2
2184.0000,0,3
2185.5000,0,0
2187.0000,0,1
2188.5000,0,3
2190.0000,8,4
2191.5000,15,4
2193.0000,13,4
2194.5000,10,4
2196.0000,5,4
2197.5000,5,4
2199.0000,0,4
2200.5000,0,1
2202.0000,0,2
2203.5000,0,2
2205.0000,0,1
2206.5000,0,2
2208.0000,0,2
2209.5000,0,1
2211.0000,2,4
2212.5000,0,2
2214.0000,0,2
2215.5000,0,0
2217.0000,0,0
2218.5000,0,0
2220.0000,0,3
2221.5000,0,3
2223.0000,0,1
2224.5000,0,0
2226.0000,0,4
2227.5000,0,4
2229.0000,0,2
2230.5000,0,1
2232.0000,0,1
2233.5000,0,2
2235.0000,0,1
2236.5000,0,1
2238.0000,3,4
2239.5000,2,4
2241.0000,0,4
2242.5000,1,4
2244.0000,0,4
2245.5000,0,1
2247.0000,0,0
2248.5000,0,0
2250.0000,0,1
2251.5000,0,0
2253.0000,0,0
2254.5000,0,1
2256.0000,0,1
2257.5000,0,0
2259.0000,0,0
2260.5000,0,1
2262.0000,0,1
2263.5000,0,0
2265.0000,0,1
2266.5000,1,4
2268.0000,0,1
2269.5000,0,1
2271.0000,0,2
2272.5000,0,1
2274.0000,0,1
2275.5000,0,1
2277.0000,0,1
2278.5000,0,1
2280.0000,0,0
2281.5000,0,0
2283.0000,0,1
2284.5000,0,0
2286.0000,1,4
2287.5000,0,1
2289.0000,0,1
2290.5000,0,0
2292.0000,2,4
2293.5000,13,4
2295.0000,10,4
2296.5000,11,4
2298.0000,8,4
2299.5000,7,4
2301.0000,15,4
2302.5000,15,4
2304.0000,20,4
2305.5000,25,4
2307.0000,23,4
2308.5000,24,4
2310.0000,22,4
2311.5000,23,4
2313.0000,20,4
2314.5000,19,4
2316.0000,12,4
2317.5000,9,4
2319.0000,7,4
2320.5000,6,4
2322.0000,9,4
2323.5000,10,4
2325.0000,12,4
2326.5000,9,4
2328.0000,7,4
2329.5000,5,4
2331.0000,4,4
2332.5000,2,4
2334.0000,1,4
2335.5000,0,1
2337.0000,0,4
2338.5000,3,4
2340.0000,0,1
2341.5000,0,1
2343.0000,0,2
2344.5000,1,4
2346.0000,0,2
2347.5000,1,4
2349.0000,9,4
2350.5000,8,4
2352.0000,5,4
2353.5000,2,4
2355.0000,0,4
2356.5000,0,1
2358.0000,0,2
2359.5000,0,2
2361.0000,0,2
2362.5000,0,0
2364.0000,0,1
2365.5000,0,2
2367.0000,0,1
2368.5000,0,1
2370.0000,0,2
2371.5000,0,1
2373.0000,0,0
2374.5000,2,4
2376.0000,2,4
2377.5000,1,4
2379.0000,6,4
2380.5000,6,4
2382.0000,15,4
2383.5000,13,4
2385.0000,21,4
2386.5000,20,4
2388.0000,16,4
2389.5000,15,4
2391.0000,16,4
2392.5000,11,4
2394.0000,7,4
2395.5000,3,4
2397.0000,2,4
2398.5000,9,4
2400.0000,7,4
2401.5000,7,4
2403.0000,3,4
2404.5000,2,4
2406.0000,0,1
2407.5000,0,0
2409.0000,0,0
2410.5000,0,1
2412.0000,0,0
2413.5000,0,1
2415.0000,0,0
2416.5000,0,0
2418.0000,0,2
2419.5000,0,0
2421.0000,0,0
2422.5000,0,0
2424.0000,0,1
2425.5000,0,0
2427.0000,0,0
2428.5000,0,3
2430.0000,5,4
2431.5000,5,4
2433.0000,6,4
2434.5000,5,4
2436.0000,5,4
2437.5000,4,4
2439.0000,2,4
2440.5000,0,2
2442.0000,1,4
2443.5000,8,4
2445.0000,6,4
2446.5000,7,4
2448.0000,11,4
2449.5000,8,4
2451.0000,8,4
2452.5000,5,4
2454.0000,0,3
2455.5000,0,1
2457.0000,3,4
2458.5000,4,4
2460.0000,0,3
2461.5000,0,3
2463.0000,0,1
2464.5000,0,1
2466.0000,0,0
2467.5000,0,0
2469.0000,0,0
2470.5000,0,0
2472.0000,5,4
2473.5000,10,4
2475.0000,10,4
2476.5000,9,4
2478.0000,9,4
2479.5000,7,4
2481.0000,2,4
2482.5000,1,4
2484.0000,7,4
2485.5000,4,4
2487.0000,2,4
2488.5000,11,4
2490.0000,9,4
2491.5000,5,4
2493.0000,10,4
2494.5000,10,4
2496.0000,11,4
2497.5000,13,4
2499.0000,14,4
2500.5000,15,4
2502.0000,11,4
2503.5000,7,4
2505.0000,6,4
2506.5000,1,4
2508.0000,0,1
2509.5000,0,3
2511.0000,0,2
2512.5000,0,4
2514.0000,0,3
2515.5000,6,4
2517.0000,4,4
2518.5000,0,2
2520.0000,0,1
2521.5000,0,1
2523.0000,0,1
2524.5000,0,1
2526.0000,0,2
2527.5000,2,4
2529.0000,3,4
2530.5000,3,4
2532.0000,1,4
2533.5000,0,4
2535.0000,2,4
2536.5000,11,4
2538.0000,9,4
2539.5000,7,4
2541.0000,4,4
2542.5000,4,4
2544.0000,0,4
2545.5000,0,1
2547.0000,7,4
2548.5000,3,4
2550.0000,7,4
2551.5000,2,4
2553.0000,6,4
2554.5000,3,4
2556.0000,0,2
2557.5000,0,2
2559.0000,0,2
2560.5000,1,4
2562.0000,0,2
2563.5000,2,4
2565.0000,4,4
2566.5000,7,4
2568.0000,2,4
2569.5000,2,4
2571.0000,3,4
2572.5000,1,4
2574.0000,3,4
2575.5000,10,4
2577.0000,6,4
2578.5000,3,4
2580.0000,3,4
2581.5000,0,3
2583.0000,0,2
2584.5000,1,4
2586.0000,1,4
2587.5000,0,3
2589.0000,0,3
2590.5000,0,1
2592.0000,0,1
2593.5000,0,1
2595.0000,0,3
2596.5000,0,2
2598.0000,0,1
2599.5000,0,2
2601.0000,0,3
2602.5000,1,4
2604.0000,0,1
2605.5000,0,3
2607.0000,0,1
2608.5000,1,4
2610.0000,4,4
2611.5000,17,4
2613.0000,12,4
2614.5000,15,4
2616.0000,13,4
2617.5000,12,4
2619.0000,7,4
2620.5000,10,4
2622.0000,4,4
2623.5000,0,3
2625.0000,0,1
2626.5000,0,4
2628.0000,0,3
2629.5000,3,4
2631.0000,0,1
2632.5000,0,0
2634.0000,5,4
2635.5000,2,4
2637.0000,0,4
2638.5000,1,4
2640.0000,0,1
2641.5000,0,2
2643.0000,0,1
2644.5000,0,0
2646.0000,0,2
2647.5000,2,4
2649.0000,3,4
2650.5000,0,4
2652.0000,0,3
2653.5000,0,3
2655.0000,0,2
2656.5000,1,4
2658.0000,9,4
2659.5000,7,4
2661.0000,1,4
2662.5000,5,4
2664.0000,0,3
2665.5000,0,1
2667.0000,0,1
2668.5000,3,4
2670.0000,0,3
2671.5000,0,4
2673.0000,4,4
2674.5000,0,4
2676.0000,0,2
2677.5000,4,4
2679.0000,6,4
2680.5000,5,4
2682.0000,0,4
2683.5000,0,0
2685.0000,0,0
2686.5000,0,0
2688.0000,7,4
2689.5000,3,4
2691.0000,0,4
2692.5000,0,3
2694.0000,1,4
2695.5000,4,4
2697.0000,3,4
2698.5000,3,4
2700.0000,6,4
2701.5000,2,4
2703.0000,0,3
2704.5000,3,4
2706.0000,0,3
2707.5000,0,3
2709.0000,0,3
2710.5000,0,2
2712.0000,0,1
2713.5000,0,0
2715.0000,0,1
2716.5000,0,3
2718.0000,0,0
2719.5000,0,2
2721.0000,0,0
2722.5000,0,3
2724.0000,0,3
2725.5000,0,2
2727.0000,0,0
2728.5000,0,1
2730.0000,0,0
2731.5000,0,0
2733.0000,0,0
2734.5000,0,3
2736.0000,0,2
2737.5000,0,0
2739.0000,0,0
2740.5000,0,2
2742.0000,0,1
2743.5000,0,0
2745.0000,0,1
2746.5000,0,1
2748.0000,0,0
2749.5000,1,4
2751.0000,0,2
2752.5000,0,4
2754.0000,0,2
2755.5000,0,1
2757.0000,2,4
2758.5000,3,4
2760.0000,4,4
2761.5000,3,4
2763.0000,4,4
2764.5000,0,4
2766.0000,0,4
2767.5000,3,4
2769.0000,8,4
2770.5000,4,4
2772.0000,0,4
2773.5000,0,2
2775.0000,0,1
2776.5000,0,2
2778.0000,0,2
2779.5000,0,1
2781.0000,0,4
2782.5000,0,3
2784.0000,0,3
2785.5000,0,1
2787.0000,0,0
2788.5000,0,0
2790.0000,0,2
2791.5000,0,2
2793.0000,0,1
2794.5000,0,2
2796.0000,2,4
2797.5000,0,1
2799.0000,0,1
2800.5000,0,0
2802.0000,0,0
2803.5000,0,3
2805.0000,2,4
2806.5000,0,4
2808.0000,0,1
2809.5000,3,4
2811.0000,3,4
2812.5000,10,4
2814.0000,19,4
2815.5000,26,4
2817.0000,24,4
2818.5000,23,4
2820.0000,17,4
2821.5000,13,4
2823.0000,6,4
2824.5000,11,4
2826.0000,4,4
2827.5000,0,4
2829.0000,0,2
2830.5000,0,4
2832.0000,1,4
2833.5000,0,2
2835.0000,0,4
2836.5000,0,3
2838.0000,0,1
2839.5000,0,1
2841.0000,0,1
2842.5000,0,0
2844.0000,0,4
2845.5000,0,2
2847.0000,0,3
2848.5000,0,3
2850.0000,0,1
2851.5000,0,0
2853.0000,7,4
2854.5000,5,4
2856.0000,7,4
2857.5000,4,4
2859.0000,0,4
2860.5000,4,4
2862.0000,4,4
2863.5000,0,4
2865.0000,0,1
2866.5000,0,1
2868.0000,0,1
2869.5000,3,4
2871.0000,2,4
2872.5000,0,3
2874.0000,0,2
2875.5000,0,4
2877.0000,0,2
2878.5000,0,0
2880.0000,0,2
2881.5000,2,4
2883.0000,0,3
2884.5000,0,4
2886.0000,0,2
2887.5000,0,3
2889.0000,0,3
2890.5000,7,4
2892.0000,8,4
2893.5000,6,4
2895.0000,0,4
2896.5000,0,0
2898.0000,0,1
2899.5000,0,4
2901.0000,0,4
2902.5000,1,4
2904.0000,0,0
2905.5000,0,0
2907.0000,0,2
2908.5000,0,3
2910.0000,5,4
2911.5000,0,3
2913.0000,9,4
2914.5000,11,4
2916.0000,14,4
2917.5000,12,4
2919.0000,8,4
2920.5000,8,4
2922.0000,5,4
2923.5000,0,4
2925.0000,0,3
2926.5000,0,2
2928.0000,0,3
2929.5000,0,2
2931.0000,0,2
2932.5000,0,2
2934.0000,0,0
2935.5000,0,1
2937.0000,0,3
2938.5000,3,4
2940.0000,2,4
2941.5000,0,1
2943.0000,0,1
2944.5000,0,0
2946.0000,0,1
2947.5000,0,0
2949.0000,0,1
2950.5000,0,1
2952.0000,0,2
2953.5000,0,0
2955.0000,0,0
2956.5000,0,0
2958.0000,0,2
2959.5000,0,3
2961.0000,0,2
2962.5000,0,1
2964.0000,1,4
2965.5000,0,4
2967.0000,0,1
2968.5000,0,0
2970.0000,0,2
2971.5000,0,4
2973.0000,1,4
2974.5000,0,2
2976.0000,0,4
2977.5000,0,3
2979.0000,0,0
2980.5000,2,4
2982.0000,0,4
2983.5000,0,3
2985.0000,0,4
2986.5000,0,2
2988.0000,0,1
2989.5000,0,1
2991.0000,0,0
2992.5000,0,2
2994.0000,0,1
2995.5000,0,1
2997.0000,1,4
2998.5000,0,3
3000.0000,0,1
3001.5000,0,1
3003.0000,0,3
3004.5000,0,1
3006.0000,0,1
3007.5000,0,0
3009.0000,0,1
3010.5000,0,4
3012.0000,0,1
3013.5000,0,0
3015.0000,0,0
3016.5000,0,2
3018.0000,0,1
3019.5000,0,0
3021.0000,0,0
3022.5000,1,4
3024.0000,1,4
3025.5000,0,3
3027.0000,0,0
3028.5000,0,1
3030.0000,0,1
3031.5000,0,1
3033.0000,0,4
3034.5000,6,4
3036.0000,10,4
3037.5000,7,4
3039.0000,6,4
3040.5000,1,4
3042.0000,0,2
3043.5000,0,0
3045.0000,0,2
3046.5000,0,3
3048.0000,0,1
3049.5000,0,1
3051.0000,0,0
3052.5000,0,0
3054.0000,0,0
3055.5000,0,1
3057.0000,0,3
3058.5000,0,4
3060.0000,0,4
3061.5000,0,0
3063.0000,0,2
3064.5000,3,4
3066.0000,2,4
3067.5000,1,4
3069.0000,0,3
3070.5000,0,1
3072.0000,0,2
3073.5000,0,1
3075.0000,0,0
3076.5000,0,3
3078.0000,0,3
3079.5000,0,2
3081.0000,0,2
3082.5000,0,2
3084.0000,2,4
3085.5000,0,1
3087.0000,0,3
3088.5000,0,4
3090.0000,7,4
3091.5000,8,4
3093.0000,5,4
3094.5000,6,4
3096.0000,6,4
3097.5000,5,4
3099.0000,3,4
3100.5000,5,4
3102.0000,4,4
3103.5000,3,4
3105.0000,0,4
3106.5000,0,1
3108.0000,0,0
3109.5000,0,1
3111.0000,0,0
3112.5000,0,1
3114.0000,0,3
3115.5000,0,4
3117.0000,1,4
3118.5000,1,4
3120.0000,6,4
3121.5000,4,4
3123.0000,9,4
3124.5000,7,4
3126.0000,3,4
3127.5000,7,4
3129.0000,5,4
3130.5000,1,4
3132.0000,0,2
3133.5000,3,4
3135.0000,1,4
3136.5000,0,4
3138.0000,1,4
3139.5000,0,2
3141.0000,8,4
3142.5000,14,4
3144.0000,14,4
3145.5000,8,4
3147.0000,2,4
3148.5000,5,4
3150.0000,1,4
3151.5000,0,4
3153.0000,0,0
3154.5000,0,2
3156.0000,0,2
3157.5000,0,1
3159.0000,0,1
3160.5000,0,2
3162.0000,0,1
3163.5000,0,4
3165.0000,0,4
3166.5000,0,2
3168.0000,6,4
3169.5000,7,4
3171.0000,8,4
3172.5000,5,4
3174.0000,1,4
3175.5000,2,4
3177.0000,0,4
3178.5000,0,3
3180.0000,0,3
3181.5000,0,2
3183.0000,0,2
3184.5000,0,2
3186.0000,0,2
3187.5000,0,1
3189.0000,0,2
3190.5000,0,1
3192.0000,0,1
3193.5000,0,1
3195.0000,0,0
3196.5000,0,2
3198.0000,0,2
3199.5000,0,1
3201.0000,0,3
3202.5000,0,0
3204.0000,0,1
3205.5000,0,1
3207.0000,0,3
3208.5000,0,3
3210.0000,0,2
3211.5000,0,2
3213.0000,0,1
3214.5000,3,4
3216.0000,0,2
3217.5000,0,1
3219.0000,0,2
3220.5000,0,2
3222.0000,0,0
3223.5000,0,0
3225.0000,0,0
3226.5000,0,3
3228.0000,0,1
3229.5000,0,1
3231.0000,0,2
3232.5000,2,4
3234.0000,0,2
3235.5000,0,1
3237.0000,0,0
3238.5000,0,2
3240.0000,0,1
3241.5000,0,1
3243.0000,0,2
3244.5000,0,1
3246.0000,0,1
3247.5000,0,0
3249.0000,0,0
3250.5000,0,0
3252.0000,0,0
3253.5000,0,1
3255.0000,2,4
3256.5000,2,4
3258.0000,2,4
3259.5000,10,4
3261.0000,12,4
3262.5000,6,4
3264.0000,8,4
3265.5000,6,4
3267.0000,5,4
3268.5000,4,4
3270.0000,1,4
3271.5000,0,4
3273.0000,0,2
3274.5000,0,0
3276.0000,3,4
3277.5000,1,4
3279.0000,0,3
3280.5000,1,4
3282.0000,0,2
3283.5000,0,0
3285.0000,0,2
3286.5000,6,4
3288.0000,4,4
3289.5000,6,4
3291.0000,5,4
3292.5000,2,4
3294.0000,0,2
3295.5000,0,3
3297.0000,2,4
3298.5000,2,4
3300.0000,0,4
3301.5000,4,4
3303.0000,0,4
3304.5000,0,1
3306.0000,0,1
3307.5000,0,3
3309.0000,2,4
3310.5000,3,4
3312.0000,0,3
3313.5000,3,4
3315.0000,2,4
3316.5000,0,3
3318.0000,0,2
3319.5000,0,1
3321.0000,0,1
3322.5000,0,0
3324.0000,0,2
3325.5000,3,4
3327.0000,3,4
3328.5000,10,4
3330.0000,8,4
3331.5000,7,4
3333.0000,7,4
3334.5000,18,4
3336.0000,14,4
3337.5000,27,4
3339.0000,24,4
3340.5000,21,4
3342.0000,23,4
3343.5000,16,4
3345.0000,16,4
3346.5000,12,4
3348.0000,7,4
3349.5000,8,4
3351.0000,3,4
3352.5000,0,3
3354.0000,0,2
3355.5000,0,0
3357.0000,0,3
3358.5000,0,4
3360.0000,0,2
3361.5000,0,2
3363.0000,0,2
3364.5000,0,0
3366.0000,0,0
3367.5000,0,0
3369.0000,0,2
3370.5000,0,0
3372.0000,0,3
3373.5000,0,0
3375.0000,0,0
3376.5000,0,3
3378.0000,3,4
3379.5000,5,4
3381.0000,5,4
3382.5000,3,4
3384.0000,3,4
3385.5000,0,2
3387.0000,0,4
3388.5000,0,3
3390.0000,1,4
3391.5000,0,3
3393.0000,0,2
3394.5000,0,1
3396.0000,0,0
3397.5000,0,4
3399.0000,4,4
3400.5000,0,1
3402.0000,2,4
3403.5000,4,4
3405.0000,0,1
3406.5000,0,2
3408.0000,0,1
3409.5000,2,4
3411.0000,2,4
3412.5000,0,2
3414.0000,1,4
3415.5000,1,4
3417.0000,0,2
3418.5000,0,2
3420.0000,0,3
3421.5000,0,2
3423.0000,0,3
3424.5000,0,3
3426.0000,0,2
3427.5000,5,4
3429.0000,4,4
3430.5000,10,4
3432.0000,7,4
3433.5000,3,4
3435.0000,1,4
3436.5000,0,2
3438.0000,0,2
3439.5000,0,1
3441.0000,0,2
3442.5000,0,0
3444.0000,0,0
3445.5000,0,1
3447.0000,0,0
3448.5000,0,0
3450.0000,0,1
3451.5000,0,0
3453.0000,0,3
3454.5000,0,4
3456.0000,0,2
3457.5000,0,1
3459.0000,0,1
3460.5000,0,2
3462.0000,0,0
3463.5000,0,0
3465.0000,0,0
3466.5000,5,4
3468.0000,5,4
3469.5000,8,4
3471.0000,4,4
3472.5000,0,2
3474.0000,0,1
3475.5000,0,0
3477.0000,1,4
3478.5000,0,3
3480.0000,1,4
3481.5000,0,1
3483.0000,0,0
3484.5000,0,0
3486.0000,0,0
3487.5000,0,0
3489.0000,0,3
3490.5000,0,2
3492.0000,5,4
3493.5000,2,4
3495.0000,3,4
3496.5000,6,4
3498.0000,3,4
3499.5000,0,2
3501.0000,0,2
3502.5000,0,3
3504.0000,0,2
3505.5000,0,4
3507.0000,7,4
3508.5000,4,4
3510.0000,6,4
3511.5000,6,4
3513.0000,7,4
3514.5000,7,4
3516.0000,4,4
3517.5000,6,4
3519.0000,4,4
3520.5000,8,4
3522.0000,2,4
3523.5000,1,4
3525.0000,0,1
3526.5000,2,4
3528.0000,0,2
3529.5000,0,2
3531.0000,0,1
3532.5000,0,1
3534.0000,0,0
3535.5000,0,0
3537.0000,0,0
3538.5000,0,1
3540.0000,0,4
3541.5000,0,1
3543.0000,0,1
3544.5000,0,0
3546.0000,0,0
3547.5000,0,0
3549.0000,0,0
3550.5000,0,2
3552.0000,0,0
3553.5000,0,0
3555.0000,0,3
3556.5000,0,2
3558.0000,0,1
3559.5000,0,2
3561.0000,0,2
3562.5000,0,2
3564.0000,0,1
3565.5000,0,2
3567.0000,0,1
3568.5000,0,1
3570.0000,0,2
3571.5000,0,2
3573.0000,0,0
3574.5000,0,0
3576.0000,0,1
3577.5000,0,1
3579.0000,0,1
3580.5000,0,0
3582.0000,0,1
3583.5000,0,3
3585.0000,0,4
3586.5000,0,2
3588.0000,0,2
3589.5000,0,2
3591.0000,0,0
3592.5000,0,4
3594.0000,0,1
3595.5000,0,1
3597.0000,0,1
3598.5000,0,0
3600.0000,0,2
3601.5000,0,1
3603.0000,0,0
3604.5000,0,0
3606.0000,0,0
3607.5000,0,1
3609.0000,0,2
3610.5000,3,4
3612.0000,0,4
3613.5000,2,4
3615.0000,4,4
3616.5000,2,4
3618.0000,0,3
3619.5000,2,4
3621.0000,0,1
3622.5000,0,4
3624.0000,0,2
3625.5000,0,0
3627.0000,5,4
3628.5000,6,4
3630.0000,6,4
3631.5000,2,4
3633.0000,4,4
3634.5000,0,4
3636.0000,0,1
3637.5000,0,2
3639.0000,0,2
3640.5000,0,3
3642.0000,0,2
3643.5000,0,0
3645.0000,0,4
3646.5000,0,2
3648.0000,1,4
3649.5000,0,2
3651.0000,2,4
3652.5000,6,4
3654.0000,4,4
3655.5000,1,4
3657.0000,5,4
3658.5000,2,4
3660.0000,2,4
3661.5000,0,3
3663.0000,0,2
3664.5000,0,4
3666.0000,0,3
3667.5000,6,4
3669.0000,2,4
3670.5000,0,1
3672.0000,0,3
3673.5000,0,3
3675.0000,0,1
3676.5000,0,1
3678.0000,2,4
3679.5000,1,4
3681.0000,0,3
3682.5000,0,4
3684.0000,5,4
3685.5000,2,4
3687.0000,0,4
3688.5000,0,4
3690.0000,0,3
3691.5000,0,1
3693.0000,0,2
3694.5000,0,3
3696.0000,1,4
3697.5000,0,4
3699.0000,0,1
3700.5000,0,4
3702.0000,0,3
3703.5000,3,4
3705.0000,10,4
3706.5000,8,4
3708.0000,6,4
3709.5000,4,4
3711.0000,1,4
3712.5000,0,3
3714.0000,3,4
3715.5000,0,4
3717.0000,5,4
3718.5000,6,4
3720.0000,6,4
3721.5000,3,4
3723.0000,0,2
3724.5000,0,1
3726.0000,0,4
3727.5000,1,4
3729.0000,2,4
3730.5000,3,4
3732.0000,1,4
3733.5000,9,4
3735.0000,7,4
3736.5000,1,4
3738.0000,0,4
3739.5000,3,4
3741.0000,10,4
3742.5000,16,4
3744.0000,18,4
3745.5000,19,4
3747.0000,18,4
3748.5000,17,4
3750.0000,16,4
3751.5000,11,4
3753.0000,8,4
3754.5000,7,4
3756.0000,4,4
3757.5000,4,4
3759.0000,1,4
3760.5000,10,4
3762.0000,9,4
3763.5000,4,4
3765.0000,4,4
3766.5000,6,4
3768.0000,2,4
3769.5000,0,3
3771.0000,0,1
3772.5000,2,4
3774.0000,8,4
3775.5000,9,4
3777.0000,4,4
3778.5000,3,4
3780.0000,0,0
3781.5000,0,0
3783.0000,0,0
3784.5000,0,1
3786.0000,0,1
3787.5000,0,0
3789.0000,0,2
3790.5000,0,2
3792.0000,0,0
3793.5000,0,0
3795.0000,0,1
3796.5000,0,1
3798.0000,0,1
3799.5000,0,0
3801.0000,0,1
3802.5000,0,4
3804.0000,10,4
3805.5000,3,4
3807.0000,2,4
3808.5000,1,4
3810.0000,0,2
3811.5000,0,2
3813.0000,0,2
3814.5000,0,2
3816.0000,0,2
3817.5000,0,2
3819.0000,0,2
3820.5000,0,2
3822.0000,0,3
3823.5000,7,4
3825.0000,9,4
3826.5000,14,4
3828.0000,14,4
3829.5000,15,4
3831.0000,12,4
3832.5000,15,4
3834.0000,15,4
3835.5000,21,4
3837.0000,21,4
3838.5000,18,4
3840.0000,18,4
3841.5000,16,4
3843.0000,13,4
3844.5000,11,4
3846.0000,12,4
3847.5000,10,4
3849.0000,5,4
3850.5000,6,4
3852.0000,2,4
3853.5000,4,4
3855.0000,2,4
3856.5000,6,4
3858.0000,6,4
3859.5000,2,4
3861.0000,4,4
3862.5000,3,4
3864.0000,3,4
3865.5000,3,4
3867.0000,0,4
3868.5000,0,3
3870.0000,0,2
3871.5000,12,4
3873.0000,11,4
3874.5000,11,4
3876.0000,5,4
3877.5000,6,4
3879.0000,6,4
3880.5000,3,4
3882.0000,0,4
3883.5000,0,3
3885.0000,0,2
3886.5000,0,3
3888.0000,0,1
3889.5000,0,1
3891.0000,0,0
3892.5000,0,4
3894.0000,0,2
3895.5000,4,4
3897.0000,0,3
3898.5000,0,1
3900.0000,0,1
3901.5000,0,0
3903.0000,0,0
3904.5000,0,0
3906.0000,0,0
3907.5000,0,0
3909.0000,0,0
3910.5000,0,3
3912.0000,0,2
3913.5000,0,2
3915.0000,0,2
3916.5000,0,2
3918.0000,0,3
3919.5000,0,4
3921.0000,0,2
3922.5000,0,1
3924.0000,0,1
3925.5000,1,4
3927.0000,0,3
3928.5000,0,1
3930.0000,0,2
3931.5000,0,2
3933.0000,0,1
3934.5000,0,3
3936.0000,0,1
3937.5000,0,1
3939.0000,0,1
3940.5000,0,2
3942.0000,0,1
3943.5000,5,4
3945.0000,7,4
3946.5000,5,4
3948.0000,2,4
3949.5000,1,4
3951.0000,0,2
3952.5000,1,4
3954.0000,0,4
3955.5000,0,1
3957.0000,0,1
3958.5000,0,1
3960.0000,0,0
3961.5000,0,0
3963.0000,0,2
3964.5000,0,4
3966.0000,2,4
3967.5000,0,4
3969.0000,0,4
3970.5000,0,2
3972.0000,0,3
3973.5000,0,4
3975.0000,0,2
3976.5000,0,1
3978.0000,0,0
3979.5000,0,0
3981.0000,0,0
3982.5000,0,1
3984.0000,0,2
3985.5000,5,4
3987.0000,4,4
3988.5000,0,4
3990.0000,0,3
3991.5000,0,4
3993.0000,0,2
3994.5000,0,1
3996.0000,0,0
3997.5000,0,0
3999.0000,0,0
4000.5000,0,0
4002.0000,0,0
4003.5000,0,0
4005.0000,0,0
4006.5000,0,1
4008.0000,1,4
4009.5000,0,2
4011.0000,0,1
4012.5000,0,1
4014.0000,0,3
4015.5000,0,1
4017.0000,2,4
4018.5000,1,4
4020.0000,0,2
4021.5000,0,4
4023.0000,0,3
4024.5000,0,2
4026.0000,0,4
4027.5000,2,4
4029.0000,3,4
4030.5000,2,4
4032.0000,0,2
4033.5000,0,2
4035.0000,0,1
4036.5000,0,3
4038.0000,0,4
4039.5000,2,4
4041.0000,0,1
4042.5000,0,1
4044.0000,0,0
4045.5000,0,1
4047.0000,0,0
4048.5000,0,0
4050.0000,0,1
4051.5000,0,0
4053.0000,4,4
4054.5000,0,4
4056.0000,5,4
4057.5000,1,4
4059.0000,0,0
4060.5000,0,0
4062.0000,0,2
4063.5000,0,1
4065.0000,0,2
4066.5000,0,0
4068.0000,1,4
4069.5000,3,4
4071.0000,1,4
4072.5000,0,2
4074.0000,0,1
4075.5000,0,1
4077.0000,0,4
4078.5000,2,4
4080.0000,3,4
4081.5000,6,4
4083.0000,5,4
4084.5000,4,4
4086.0000,2,4
4087.5000,4,4
4089.0000,0,3
4090.5000,1,4
4092.0000,14,4
4093.5000,11,4
4095.0000,6,4
4096.5000,2,4
4098.0000,4,4
4099.5000,3,4
4101.0000,4,4
4102.5000,2,4
4104.0000,1,4
4105.5000,0,4
4107.0000,0,4
4108.5000,7,4
4110.0000,3,4
4111.5000,0,4
4113.0000,0,1
4114.5000,0,3
4116.0000,0,2
4117.5000,0,2
4119.0000,0,1
4120.5000,0,1
4122.0000,0,1
4123.5000,0,1
4125.0000,0,0
4126.5000,0,1
4128.0000,0,2
4129.5000,0,1
4131.0000,0,1
4132.5000,0,1
4134.0000,0,0
4135.5000,0,0
4137.0000,0,1
4138.5000,0,2
4140.0000,0,0
4141.5000,0,0
4143.0000,0,0
4144.5000,0,2
4146.0000,1,4
4147.5000,2,4
4149.0000,0,3
4150.5000,1,4
4152.0000,0,4
4153.5000,2,4
4155.0000,0,2
4156.5000,0,4
4158.0000,3,4
4159.5000,2,4
4161.0000,0,4
4162.5000,0,1
4164.0000,7,4
4165.5000,5,4
4167.0000,1,4
4168.5000,0,4
4170.0000,5,4
4171.5000,6,4
4173.0000,15,4
4174.5000,17,4
4176.0000,19,4
4177.5000,18,4
4179.0000,22,4
4180.5000,23,4
4182.0000,26,4
4183.5000,25,4
4185.0000,27,4
4186.5000,26,4
4188.0000,24,4
4189.5000,26,4
4191.0000,25,4
4192.5000,22,4
4194.0000,16,4
4195.5000,16,4
4197.0000,12,4
4198.5000,12,4
4200.0000,13,4
4201.5000,6,4
4203.0000,3,4
4204.5000,2,4
4206.0000,0,4
4207.5000,0,2
4209.0000,0,2
4210.5000,0,4
4212.0000,0,3
4213.5000,0,2
4215.0000,0,3
4216.5000,2,4
4218.0000,0,0
4219.5000,0,2
4221.0000,0,1
4222.5000,0,2
4224.0000,0,3
4225.5000,0,4
4227.0000,0,2
4228.5000,0,0
4230.0000,0,0
4231.5000,0,0
4233.0000,0,0
4234.5000,0,2
4236.0000,2,4
4237.5000,1,4
4239.0000,1,4
4240.5000,1,4
4242.0000,0,4
4243.5000,0,2
4245.0000,0,1
4246.5000,0,1
4248.0000,0,0
4249.5000,0,1
4251.0000,0,1
4252.5000,0,0
4254.0000,0,2
4255.5000,0,1
4257.0000,0,2
4258.5000,6,4
4260.0000,2,4
4261.5000,3,4
4263.0000,1,4
4264.5000,0,3
4266.0000,2,4
4267.5000,2,4
4269.0000,0,2
4270.5000,3,4
4272.0000,0,4
4273.5000,0,3
4275.0000,0,2
4276.5000,0,2
4278.0000,0,1
4279.5000,0,0
4281.0000,2,4
4282.5000,1,4
4284.0000,0,3
4285.5000,2,4
4287.0000,0,1
4288.5000,0,1
4290.0000,0,1
4291.5000,0,1
4293.0000,0,0
4294.5000,0,1
4296.0000,0,1
4297.5000,0,1
4299.0000,0,1
4300.5000,0,1
4302.0000,0,1
4303.5000,0,4
4305.0000,0,2
4306.5000,1,4
4308.0000,0,1
4309.5000,2,4
4311.0000,2,4
4312.5000,0,2
4314.0000,1,4
4315.5000,1,4
4317.0000,2,4
4318.5000,0,4
4320.0000,0,0
4321.5000,0,1
4323.0000,0,0
4324.5000,0,0
4326.0000,2,4
4327.5000,0,4
4329.0000,2,4
4330.5000,2,4
4332.0000,0,3
4333.5000,0,3
4335.0000,0,2
4336.5000,0,2
4338.0000,0,4
4339.5000,0,1
4341.0000,0,0
4342.5000,0,3
4344.0000,0,0
4345.5000,0,0
4347.0000,0,0
4348.5000,0,1
4350.0000,0,0
4351.5000,0,3
4353.0000,0,2
4354.5000,0,2
4356.0000,0,1
4357.5000,0,0
4359.0000,0,2
4360.5000,0,1
4362.0000,0,0
4363.5000,0,0
4365.0000,0,0
4366.5000,0,1
4368.0000,0,1
4369.5000,0,0
4371.0000,5,4
4372.5000,8,4
4374.0000,0,2
4375.5000,0,0
4377.0000,0,3
4378.5000,0,0
4380.0000,0,0
4381.5000,0,0
4383.0000,0,1
4384.5000,0,3
4386.0000,0,1
4387.5000,0,0
4389.0000,0,0
4390.5000,0,2
4392.0000,1,4
4393.5000,0,1
4395.0000,0,4
4396.5000,0,1
4398.0000,0,3
4399.5000,0,4
4401.0000,4,4
4402.5000,12,4
4404.0000,10,4
4405.5000,6,4
4407.0000,7,4
4408.5000,3,4
4410.0000,1,4
4411.5000,0,0
4413.0000,0,1
4414.5000,0,1
4416.0000,0,3
4417.5000,0,2
4419.0000,0,2
4420.5000,0,1
4422.0000,0,3
4423.5000,1,4
4425.0000,0,3
4426.5000,0,2
4428.0000,1,4
4429.5000,2,4
4431.0000,0,1
4432.5000,0,0
4434.0000,0,1
4435.5000,0,3
4437.0000,0,1
4438.5000,1,4
4440.0000,2,4
4441.5000,1,4
4443.0000,0,3
4444.5000,0,3
4446.0000,0,1
4447.5000,0,2
4449.0000,0,2
4450.5000,0,2
4452.0000,0,1
4453.5000,0,2
4455.0000,0,2
4456.5000,1,4
4458.0000,0,4
4459.5000,0,3
4461.0000,1,4
4462.5000,0,3
4464.0000,0,4
4465.5000,1,4
4467.0000,0,3
4468.5000,0,4
4470.0000,1,4
4471.5000,0,1
4473.0000,0,1
4474.5000,0,1
4476.0000,0,0
4477.5000,0,1
4479.0000,0,0
4480.5000,0,0
4482.0000,0,0
4483.5000,0,0
4485.0000,0,0
4486.5000,3,4
4488.0000,0,2
4489.5000,0,0
4491.0000,0,4
4492.5000,0,1
4494.0000,0,2
4495.5000,4,4
4497.0000,3,4
4498.5000,1,4
4500.0000,0,1
4501.5000,0,0
4503.0000,1,4
4504.5000,0,3
4506.0000,2,4
4507.5000,0,1
4509.0000,0,4
4510.5000,0,3
4512.0000,0,1
4513.5000,0,1
4515.0000,0,4
4516.5000,0,3
4518.0000,0,3
4519.5000,0,1
4521.0000,0,2
4522.5000,0,1
4524.0000,0,1
4525.5000,0,1
4527.0000,0,0
4528.5000,0,2
4530.0000,0,0
4531.5000,0,2
4533.0000,0,2
4534.5000,2,4
4536.0000,5,4
4537.5000,7,4
4539.0000,4,4
4540.5000,1,4
4542.0000,3,4
4543.5000,1,4
4545.0000,2,4
4546.5000,1,4
4548.0000,1,4
4549.5000,2,4
4551.0000,3,4
4552.5000,3,4
4554.0000,4,4
4555.5000,0,3
4557.0000,9,4
4558.5000,11,4
4560.0000,8,4
4561.5000,7,4
4563.0000,6,4
4564.5000,6,4
4566.0000,2,4
4567.5000,0,2
4569.0000,0,1
4570.5000,1,4
4572.0000,0,1
4573.5000,0,4
4575.0000,0,4
4576.5000,0,3
4578.0000,4,4
4579.5000,1,4
4581.0000,0,3
4582.5000,4,4
4584.0000,3,4
4585.5000,2,4
4587.0000,2,4
4588.5000,1,4
4590.0000,4,4
4591.5000,1,4
4593.0000,0,3
4594.5000,0,2
4596.0000,3,4
4597.5000,0,4
4599.0000,0,3
4600.5000,0,0
4602.0000,0,0
4603.5000,0,0
4605.0000,0,0
4606.5000,0,1
4608.0000,0,0
4609.5000,0,0
4611.0000,0,1
4612.5000,0,0
4614.0000,1,4
4615.5000,0,2
4617.0000,10,4
4618.5000,6,4
4620.0000,5,4
4621.5000,2,4
4623.0000,5,4
4624.5000,3,4
4626.0000,0,1
4627.5000,0,2
4629.0000,0,2
4630.5000,0,1
4632.0000,0,0
4633.5000,0,0
4635.0000,0,2
4636.5000,0,2
4638.0000,0,1
4639.5000,0,1
4641.0000,0,4
4642.5000,0,4
4644.0000,3,4
4645.5000,0,4
4647.0000,0,3
4648.5000,0,3
4650.0000,0,1
4651.5000,0,1
4653.0000,0,1
4654.5000,4,4
4656.0000,4,4
4657.5000,3,4
4659.0000,1,4
4660.5000,0,3
4662.0000,5,4
4663.5000,3,4
4665.0000,5,4
4666.5000,6,4
4668.0000,4,4
4669.5000,3,4
4671.0000,0,4
4672.5000,0,4
4674.0000,1,4
4675.5000,2,4
4677.0000,0,3
4678.5000,0,0
4680.0000,0,0
4681.5000,0,0
4683.0000,0,0
4684.5000,0,1
4686.0000,0,1
4687.5000,12,4
4689.0000,10,4
4690.5000,16,4
4692.0000,19,4
4693.5000,20,4
4695.0000,18,4
4696.5000,14,4
4698.0000,13,4
4699.5000,12,4
4701.0000,11,4
4702.5000,13,4
4704.0000,11,4
4705.5000,6,4
4707.0000,4,4
4708.5000,7,4
4710.0000,8,4
4711.5000,7,4
4713.0000,8,4
4714.5000,7,4
4716.0000,0,4
4717.5000,0,2
4719.0000,0,3
4720.5000,5,4
4722.0000,6,4
4723.5000,5,4
4725.0000,3,4
4726.5000,6,4
4728.0000,1,4
4729.5000,0,2
4731.0000,0,1
4732.5000,0,3
4734.0000,0,3
4735.5000,0,3
4737.0000,1,4
4738.5000,3,4
4740.0000,3,4
4741.5000,4,4
4743.0000,0,4
4744.5000,4,4
4746.0000,2,4
4747.5000,0,4
4749.0000,1,4
4750.5000,0,2
4752.0000,0,1
4753.5000,0,4
4755.0000,0,2
4756.5000,0,0
4758.0000,0,0
4759.5000,0,2
4761.0000,2,4
4762.5000,1,4
4764.0000,0,4
4765.5000,0,3
4767.0000,0,1
4768.5000,0,2
4770.0000,0,2
4771.5000,0,1
4773.0000,1,4
4774.5000,0,0
4776.0000,0,1
4777.5000,2,4
4779.0000,0,3
4780.5000,0,0
4782.0000,0,3
4783.5000,0,1
4785.0000,0,4
4786.5000,0,3
4788.0000,0,1
4789.5000,0,3
4791.0000,0,3
4792.5000,0,1
4794.0000,0,2
4795.5000,0,2
4797.0000,5,4
4798.5000,11,4
4800.0000,11,4
4801.5000,8,4
4803.0000,10,4
4804.5000,9,4
4806.0000,10,4
4807.5000,4,4
4809.0000,3,4
4810.5000,1,4
4812.0000,0,2
4813.5000,11,4
4815.0000,15,4
4816.5000,14,4
4818.0000,10,4
4819.5000,8,4
4821.0000,13,4
4822.5000,7,4
4824.0000,6,4
4825.5000,4,4
4827.0000,3,4
4828.5000,6,4
4830.0000,5,4
4831.5000,9,4
4833.0000,10,4
4834.5000,6,4
4836.0000,11,4
4837.5000,6,4
4839.0000,4,4
4840.5000,3,4
4842.0000,0,3
4843.5000,0,2
4845.0000,0,4
4846.5000,0,2
4848.0000,4,4
4849.5000,0,3
4851.0000,0,1
4852.5000,0,0
4854.0000,0,0
4855.5000,0,0
4857.0000,0,0
4858.5000,0,1
4860.0000,0,1
4861.5000,0,0
4863.0000,0,4
4864.5000,0,4
4866.0000,0,1
4867.5000,0,1
4869.0000,0,1
4870.5000,0,4
4872.0000,1,4
4873.5000,0,2
4875.0000,2,4
4876.5000,5,4
4878.0000,0,4
4879.5000,0,0
4881.0000,0,0
4882.5000,0,1
4884.0000,0,1
4885.5000,0,1
4887.0000,0,2
4888.5000,0,0
4890.0000,0,0
4891.5000,0,0
4893.0000,0,0
4894.5000,0,0
4896.0000,0,0
4897.5000,0,2
4899.0000,0,1
4900.5000,0,1
4902.0000,0,0
4903.5000,0,3
4905.0000,0,4
4906.5000,2,4
4908.0000,0,2
4909.5000,0,2
4911.0000,0,1
4912.5000,0,0
4914.0000,0,2
4915.5000,1,4
4917.0000,3,4
4918.5000,0,4
4920.0000,1,4
4921.5000,0,3
4923.0000,0,2
4924.5000,0,1
4926.0000,0,4
4927.5000,0,3
4929.0000,0,1
4930.5000,0,1
4932.0000,0,0
4933.5000,0,0
4935.0000,0,4
4936.5000,1,4
4938.0000,0,2
4939.5000,0,2
4941.0000,0,2
4942.5000,0,2
4944.0000,3,4
4945.5000,10,4
4947.0000,6,4
4948.5000,3,4
4950.0000,0,4
4951.5000,0,4
4953.0000,2,4
4954.5000,2,4
4956.0000,4,4
4957.5000,8,4
4959.0000,5,4
4960.5000,0,4
4962.0000,0,2
4963.5000,0,1
4965.0000,0,2
4966.5000,0,2
4968.0000,0,1
4969.5000,0,1
4971.0000,0,1
4972.5000,0,1
4974.0000,9,4
4975.5000,6,4
4977.0000,1,4
4978.5000,4,4
4980.0000,2,4
4981.5000,2,4
4983.0000,0,4
4984.5000,0,1
4986.0000,0,1
4987.5000,0,1
4989.0000,0,1
4990.5000,1,4
4992.0000,3,4
4993.5000,15,4
4995.0000,11,4
4996.5000,10,4
4998.0000,9,4
4999.5000,12,4
5001.0000,13,4
5002.5000,11,4
5004.0000,7,4
5005.5000,4,4
5007.0000,6,4
5008.5000,6,4
5010.0000,5,4
5011.5000,1,4
5013.0000,0,3
5014.5000,0,2
5016.0000,0,2
5017.5000,0,1
5019.0000,0,0
5020.5000,0,1
5022.0000,0,0
5023.5000,3,4
5025.0000,0,4
5026.5000,0,3
5028.0000,0,0
5029.5000,0,1
5031.0000,0,1
5032.5000,0,0
5034.0000,0,4
5035.5000,2,4
5037.0000,0,4
5038.5000,0,2
5040.0000,2,4
5041.5000,1,4
5043.0000,0,1
5044.5000,0,4
5046.0000,0,1
5047.5000,1,4
5049.0000,0,2
5050.5000,4,4
5052.0000,0,2
5053.5000,0,2
5055.0000,0,0
5056.5000,0,1
5058.0000,0,1
5059.5000,0,1
5061.0000,0,2
5062.5000,1,4
5064.0000,0,4
5065.5000,0,4
5067.0000,0,1
5068.5000,0,0
5070.0000,0,0
5071.5000,0,0
5073.0000,0,2
5074.5000,0,1
5076.0000,0,0
5077.5000,0,0
5079.0000,0,2
5080.5000,0,2
5082.0000,0,2
5083.5000,1,4
5085.0000,1,4
5086.5000,1,4
5088.0000,0,2
5089.5000,0,0
5091.0000,0,4
5092.5000,0,2
5094.0000,0,2
5095.5000,8,4
5097.0000,6,4
5098.5000,0,3
5100.0000,5,4
5101.5000,0,1
5103.0000,0,2
5104.5000,0,1
5106.0000,0,4
5107.5000,0,2
5109.0000,0,1
5110.5000,0,0
5112.0000,0,1
5113.5000,0,1
5115.0000,0,1
5116.5000,0,0
5118.0000,0,0
5119.5000,0,4
5121.0000,0,4
5122.5000,2,4
5124.0000,0,3
5125.5000,0,1
5127.0000,0,1
5128.5000,0,0
5130.0000,0,0
5131.5000,0,1
5133.0000,0,0
5134.5000,0,2
5136.0000,0,0
5137.5000,3,4
5139.0000,0,3
5140.5000,1,4
5142.0000,0,2
5143.5000,0,1
5145.0000,4,4
5146.5000,1,4
5148.0000,0,1
5149.5000,0,3
5151.0000,0,2
5152.5000,0,1
5154.0000,0,1
5155.5000,0,1
5157.0000,0,1
5158.5000,0,2
5160.0000,0,3
5161.5000,10,4
5163.0000,7,4
5164.5000,7,4
5166.0000,8,4
5167.5000,13,4
5169.0000,15,4
5170.5000,16,4
5172.0000,12,4
5173.5000,11,4
5175.0000,5,4
5176.5000,5,4
5178.0000,6,4
5179.5000,3,4
5181.0000,3,4
5182.5000,4,4
5184.0000,2,4
5185.5000,9,4
5187.0000,7,4
5188.5000,6,4
5190.0000,6,4
5191.5000,0,3
5193.0000,0,3
5194.5000,0,1
5196.0000,0,0
5197.5000,0,2
5199.0000,0,3
5200.5000,0,1
5202.0000,0,3
5203.5000,0,3
5205.0000,0,4
5206.5000,0,1
5208.0000,0,1
5209.5000,0,1
5211.0000,0,0
5212.5000,0,3
5214.0000,0,4
5215.5000,0,2
5217.0000,0,1
5218.5000,0,2
5220.0000,0,0
5221.5000,0,2
5223.0000,0,1
5224.5000,0,3
5226.0000,0,4
5227.5000,4,4
5229.0000,2,4
5230.5000,1,4
5232.0000,2,4
5233.5000,0,2
5235.0000,0,0
5236.5000,6,4
5238.0000,8,4
5239.5000,4,4
5241.0000,5,4
5242.5000,1,4
5244.0000,1,4
5245.5000,1,4
5247.0000,0,2
5248.5000,0,4
5250.0000,0,4
5251.5000,0,2
5253.0000,0,2
5254.5000,0,1
5256.0000,0,1
5257.5000,0,1
5259.0000,0,3
5260.5000,0,4
5262.0000,0,2
5263.5000,0,4
5265.0000,0,3
5266.5000,0,4
5268.0000,0,3
5269.5000,0,1
5271.0000,0,1
5272.5000,0,3
5274.0000,5,4
5275.5000,4,4
5277.0000,8,4
5278.5000,5,4
5280.0000,5,4
5281.5000,5,4
5283.0000,7,4
5284.5000,1,4
5286.0000,1,4
5287.5000,0,0
5289.0000,0,0
5290.5000,0,0
5292.0000,0,2
5293.5000,0,0
5295.0000,0,0
5296.5000,0,1
5298.0000,0,1
5299.5000,0,0
5301.0000,0,1
5302.5000,0,0
5304.0000,0,3
5305.5000,0,3
5307.0000,0,2
5308.5000,0,0
5310.0000,0,2
5311.5000,0,1
5313.0000,0,2
5314.5000,1,4
5316.0000,0,2
5317.5000,0,1
5319.0000,0,0
5320.5000,0,0
5322.0000,0,0
5323.5000,1,4
5325.0000,0,2
5326.5000,0,2
5328.0000,0,2
5329.5000,0,1
5331.0000,0,2
5332.5000,0,2
5334.0000,0,2
5335.5000,0,2
5337.0000,0,3
5338.5000,0,3
5340.0000,2,4
5341.5000,2,4
5343.0000,0,3
5344.5000,3,4
5346.0000,0,2
5347.5000,0,1
5349.0000,0,2
5350.5000,0,2
5352.0000,0,2
5353.5000,0,2
5355.0000,0,4
5356.5000,2,4
5358.0000,1,4
5359.5000,0,1
5361.0000,0,1
5362.5000,3,4
5364.0000,2,4
5365.5000,1,4
5367.0000,3,4
5368.5000,0,2
5370.0000,0,0
5371.5000,0,0
5373.0000,0,0
5374.5000,0,0
5376.0000,0,4
5377.5000,0,3
5379.0000,0,3
5380.5000,1,4
5382.0000,0,3
5383.5000,0,4
5385.0000,2,4
5386.5000,0,4
5388.0000,0,4
5389.5000,0,2
5391.0000,0,1
5392.5000,0,4
5394.0000,0,3
5395.5000,0,4
5397.0000,0,1
5398.5000,0,0
5400.0000,0,1
5401.5000,0,1
5403.0000,3,4
5404.5000,1,4
5406.0000,0,2
5407.5000,6,4
5409.0000,8,4
5410.5000,6,4
5412.0000,5,4
5413.5000,0,2
5415.0000,0,1
5416.5000,0,1
5418.0000,0,1
5419.5000,0,2
5421.0000,0,0
5422.5000,0,0
5424.0000,3,4
5425.5000,6,4
5427.0000,0,4
5428.5000,0,1
5430.0000,2,4
5431.5000,7,4
5433.0000,6,4
5434.5000,5,4
5436.0000,4,4
5437.5000,4,4
5439.0000,1,4
5440.5000,5,4
5442.0000,0,4
5443.5000,1,4
5445.0000,0,4
5446.5000,2,4
5448.0000,1,4
5449.5000,4,4
5451.0000,0,4
5452.5000,1,4
5454.0000,2,4
5455.5000,9,4
5457.0000,7,4
5458.5000,9,4
5460.0000,7,4
5461.5000,5,4
5463.0000,5,4
5464.5000,7,4
5466.0000,1,4
5467.5000,0,2
5469.0000,0,4
5470.5000,2,4
5472.0000,0,4
5473.5000,0,4
5475.0000,0,1
5476.5000,0,1
5478.0000,0,0
5479.5000,0,0
5481.0000,0,0
5482.5000,0,0
5484.0000,0,1
5485.5000,0,3
5487.0000,0,2
5488.5000,0,2
5490.0000,0,2
5491.5000,0,3
5493.0000,0,3
5494.5000,2,4
5496.0000,0,4
5497.5000,0,4
5499.0000,0,4
5500.5000,0,1
5502.0000,0,2
5503.5000,1,4
5505.0000,1,4
5506.5000,1,4
5508.0000,0,2
5509.5000,0,1
5511.0000,0,1
5512.5000,0,3
5514.0000,0,2
5515.5000,0,0
5517.0000,0,0
5518.5000,0,0
5520.0000,0,0
5521.5000,0,2
5523.0000,0,1
5524.5000,0,1
5526.0000,0,2
5527.5000,0,0
5529.0000,0,3
5530.5000,0,1
5532.0000,3,4
5533.5000,1,4
5535.0000,0,3
5536.5000,0,1
5538.0000,0,0
5539.5000,0,0
5541.0000,0,2
5542.5000,0,4
5544.0000,2,4
5545.5000,1,4
5547.0000,0,3
5548.5000,0,2
5550.0000,0,2
5551.5000,0,1
5553.0000,0,0
5554.5000,0,0
5556.0000,0,4
5557.5000,0,3
5559.0000,0,3
5560.5000,0,2
5562.0000,0,3
5563.5000,0,4
5565.0000,9,4
5566.5000,5,4
5568.0000,0,4
5569.5000,0,3
5571.0000,1,4
5572.5000,0,2
5574.0000,0,2
5575.5000,4,4
5577.0000,1,4
5578.5000,1,4
5580.0000,0,2
5581.5000,2,4
5583.0000,0,3
5584.5000,0,4
5586.0000,0,4
5587.5000,0,1
5589.0000,2,4
5590.5000,3,4
5592.0000,3,4
5593.5000,0,4
5595.0000,1,4
5596.5000,0,0
5598.0000,0,1
5599.5000,0,2
5601.0000,4,4
5602.5000,11,4
5604.0000,7,4
5605.5000,6,4
5607.0000,0,1
5608.5000,0,4
5610.0000,0,2
5611.5000,0,1
5613.0000,0,1
5614.5000,0,1
5616.0000,0,1
5617.5000,0,2
5619.0000,0,0
5620.5000,0,0
5622.0000,0,3
5623.5000,0,1
5625.0000,0,0
5626.5000,0,4
5628.0000,0,4
5629.5000,0,3
5631.0000,0,1
5632.5000,0,3
5634.0000,0,1
5635.5000,0,0
5637.0000,0,0
5638.5000,0,2
5640.0000,0,1
5641.5000,0,2
5643.0000,0,1
5644.5000,0,0
5646.0000,0,0
5647.5000,0,2
5649.0000,0,2
5650.5000,0,0
5652.0000,0,1
5653.5000,3,4
5655.0000,3,4
5656.5000,0,3
5658.0000,0,1
5659.5000,0,2
5661.0000,0,1
5662.5000,0,3
5664.0000,0,4
5665.5000,0,3
5667.0000,0,2
5668.5000,0,2
5670.0000,0,1
5671.5000,0,1
5673.0000,0,1
5674.5000,0,3
5676.0000,0,2
5677.5000,3,4
5679.0000,4,4
5680.5000,2,4
5682.0000,0,4
5683.5000,0,3
5685.0000,2,4
5686.5000,2,4
5688.0000,8,4
5689.5000,2,4
5691.0000,0,1
5692.5000,0,0
5694.0000,0,0
5695.5000,0,0
5697.0000,0,4
5698.5000,0,4
5700.0000,0,1
5701.5000,0,0
5703.0000,0,0
5704.5000,0,2
5706.0000,0,0
5707.5000,0,2
5709.0000,0,3
5710.5000,0,1
5712.0000,0,1
5713.5000,0,4
5715.0000,0,1
5716.5000,0,3
5718.0000,0,2
5719.5000,0,3
5721.0000,0,2
5722.5000,0,1
5724.0000,0,1
5725.5000,0,0
5727.0000,0,2
5728.5000,4,4
5730.0000,2,4
5731.5000,4,4
5733.0000,0,4
5734.5000,0,4
5736.0000,1,4
5737.5000,0,4
5739.0000,0,3
5740.5000,0,2
5742.0000,4,4
5743.5000,0,4
5745.0000,1,4
5746.5000,0,3
5748.0000,0,2
5749.5000,0,1
5751.0000,0,1
5752.5000,0,2
5754.0000,0,2
5755.5000,0,4
5757.0000,0,2
5758.5000,0,1
5760.0000,0,0
5761.5000,0,0
5763.0000,0,0
5764.5000,0,3
5766.0000,0,4
5767.5000,0,2
5769.0000,0,3
5770.5000,0,0
5772.0000,5,4
5773.5000,4,4
5775.0000,5,4
5776.5000,1,4
5778.0000,3,4
5779.5000,7,4
5781.0000,7,4
5782.5000,9,4
5784.0000,10,4
5785.5000,11,4
5787.0000,7,4
5788.5000,5,4
5790.0000,4,4
5791.5000,2,4
5793.0000,0,2
5794.5000,1,4
5796.0000,0,4
5797.5000,1,4
5799.0000,0,2
5800.5000,0,0
5802.0000,0,0
5803.5000,0,0
5805.0000,0,1
5806.5000,0,1
5808.0000,0,0
5809.5000,0,2
5811.0000,0,1
5812.5000,0,0
5814.0000,0,0
5815.5000,1,4
5817.0000,1,4
5818.5000,3,4
5820.0000,8,4
5821.5000,3,4
5823.0000,3,4
5824.5000,7,4
5826.0000,7,4
5827.5000,6,4
5829.0000,7,4
5830.5000,3,4
5832.0000,3,4
5833.5000,2,4
5835.0000,0,1
5836.5000,0,0
5838.0000,0,0
5839.5000,0,1
5841.0000,0,2
5842.5000,0,3
5844.0000,1,4
5845.5000,8,4
5847.0000,7,4
5848.5000,5,4
5850.0000,7,4
5851.5000,5,4
5853.0000,2,4
5854.5000,1,4
5856.0000,0,2
5857.5000,0,3
5859.0000,0,3
5860.5000,0,4
5862.0000,0,2
5863.5000,0,3
5865.0000,0,3
5866.5000,0,1
5868.0000,0,0
5869.5000,0,0
5871.0000,0,3
5872.5000,0,4
5874.0000,8,4
5875.5000,7,4
5877.0000,2,4
5878.5000,0,3
5880.0000,0,4
5881.5000,0,4
5883.0000,0,3
5884.5000,0,2
5886.0000,4,4
5887.5000,2,4
5889.0000,2,4
5890.5000,0,4
5892.0000,0,3
5893.5000,0,4
5895.0000,0,2
5896.5000,0,0
5898.0000,0,1
5899.5000,1,4
5901.0000,0,4
5902.5000,0,3
5904.0000,0,3
5905.5000,0,0
5907.0000,0,2
5908.5000,0,3
5910.0000,0,4
5911.5000,0,2
5913.0000,0,4
5914.5000,0,3
5916.0000,4,4
5917.5000,8,4
5919.0000,8,4
5920.5000,4,4
5922.0000,2,4
5923.5000,1,4
5925.0000,0,4
5926.5000,0,3
5928.0000,0,3
5929.5000,0,4
5931.0000,0,0
5932.5000,0,1
5934.0000,0,1
5935.5000,0,1
5937.0000,0,1
5938.5000,6,4
5940.0000,7,4
5941.5000,4,4
5943.0000,6,4
5944.5000,8,4
5946.0000,13,4
5947.5000,14,4
5949.0000,10,4
5950.5000,10,4
5952.0000,2,4
5953.5000,0,2
5955.0000,0,2
5956.5000,1,4
5958.0000,0,2
5959.5000,0,1
5961.0000,6,4
5962.5000,11,4
5964.0000,10,4
5965.5000,5,4
5967.0000,5,4
5968.5000,2,4
5970.0000,0,4
5971.5000,7,4
5973.0000,6,4
5974.5000,5,4
5976.0000,5,4
5977.5000,8,4
5979.0000,6,4
5980.5000,4,4
5982.0000,0,4
5983.5000,0,2
5985.0000,2,4
5986.5000,0,3
5988.0000,0,3
5989.5000,0,4
5991.0000,0,4
5992.5000,0,2
5994.0000,0,2
5995.5000,1,4
5997.0000,0,4
